feature,importance,fold
AMT_ANNUITY,12608.309426546097,1
AMT_CREDIT,4211.289359331131,1
AMT_GOODS_PRICE,6108.108215808868,1
AMT_INCOME_TOTAL,3094.764857530594,1
CODE_GENDER,7349.312357187271,1
DAYS_BIRTH,14698.091846704483,1
DAYS_EMPLOYED,13973.543653964996,1
DAYS_ID_PUBLISH,6970.214883804321,1
DAYS_REGISTRATION,5410.217460393906,1
DEF_30_CNT_SOCIAL_CIRCLE,520.2586660385132,1
DEF_60_CNT_SOCIAL_CIRCLE,255.4282193183899,1
EXT_SOURCE_1,8521.324347496033,1
EXT_SOURCE_2,7387.615557432175,1
EXT_SOURCE_3,12005.69830441475,1
FLAG_OWN_REALTY,115.98121929168701,1
OBS_30_CNT_SOCIAL_CIRCLE,712.3604519367218,1
OBS_60_CNT_SOCIAL_CIRCLE,669.1275787353516,1
OWN_CAR_AGE,4833.356588602066,1
REQ_CNT,643.4599266052246,1
NEW_CREDIT_TO_ANNUITY_RATIO,30126.747210264206,1
NEW_CREDIT_TO_GOODS_RATIO,20648.665094852448,1
NEW_CREDIT_TO_INCOME,5371.392939329147,1
NEW_EMPLOY_TO_BIRTH_RATIO,8408.150795459747,1
NEW_SOURCES_PROD_12,6769.005750656128,1
NEW_SOURCES_PROD_23,23495.444561719894,1
NEW_SOURCES_PROD_13,6010.8141050338745,1
NEW_EXT_SOURCES_MEAN,232415.96904468536,1
NEW_SCORES_STD,2887.2625052928925,1
NEW_CAR_TO_BIRTH_RATIO,5403.470580816269,1
NEW_PHONE_TO_BIRTH_RATIO,5540.952040433884,1
DEF_TO_OBS_30_RATIO,2139.6129355430603,1
DEF_TO_OBS_60_RATIO,954.5155875682831,1
NAME_CONTRACT_TYPE_Cash loans,1755.930742740631,1
NAME_CONTRACT_TYPE_Revolving loans,10.56047010421753,1
NAME_EDUCATION_TYPE_Higher education,6246.635314941406,1
NAME_EDUCATION_TYPE_Incomplete higher,112.12994003295898,1
NAME_EDUCATION_TYPE_Lower secondary,207.30110120773315,1
NAME_EDUCATION_TYPE_Secondary / secondary special,2889.5240755081177,1
NAME_INCOME_TYPE_Commercial associate,132.4789273738861,1
NAME_INCOME_TYPE_State servant,1417.7577366828918,1
NAME_INCOME_TYPE_Working,1667.2120804786682,1
BURO_DPD_SCORE_MEAN,1899.791919708252,1
BURO_CREDIT_TYPE_Credit card_MEAN,2695.6445450782776,1
BURO_CREDIT_TYPE_Consumer credit_MEAN,174.17966032028198,1
BURO_CREDIT_ACTIVE_Active_MEAN,1586.332106590271,1
BURO_ENDDATE_DIFF_MEAN,2944.2449123859406,1
BURO_ENDDATE_FACT_DIFF_MEAN,2874.6300048828125,1
BURO_CREDIT_ACTIVE_Closed_MEAN,3210.249994277954,1
BURO_AMT_CREDIT_SUM_DEBT_MAX,4151.918181180954,1
BURO_AMT_CREDIT_SUM_DEBT_SUM,3716.291184425354,1
BURO_CREDIT_ACTIVE_Sold_MEAN,167.31813955307007,1
ACTIVE_DPD_SCORE_MEAN,1176.2374505996704,1
ACTIVE_AMT_CREDIT_SUM_MAX,4013.566458940506,1
ACTIVE_AMT_CREDIT_SUM_MEAN,3821.994063615799,1
ACTIVE_AMT_CREDIT_SUM_SUM,4585.355330705643,1
ACTIVE_AMT_CREDIT_SUM_LIMIT_MEAN,2415.3031599521637,1
ACTIVE_AMT_CREDIT_SUM_LIMIT_SUM,1125.4128482341766,1
ACTIVE_AMT_CREDIT_MAX_OVERDUE_MEAN,4222.333313941956,1
ACTIVE_ENDDATE_DIFF_MEAN,3767.412486553192,1
ACTIVE_AMT_CREDIT_SUM_DEBT_MEAN,5201.571615695953,1
ACTIVE_AMT_CREDIT_SUM_DEBT_SUM,2579.582576751709,1
ACTIVE_AMT_CREDIT_SUM_OVERDUE_MEAN,2120.6912269592285,1
CLOSED_DPD_SCORE_MEAN,1450.4873394966125,1
CLOSED_AMT_CREDIT_SUM_MAX,2284.4119942188263,1
CLOSED_AMT_CREDIT_SUM_MEAN,3158.786441087723,1
CLOSED_AMT_CREDIT_SUM_SUM,4449.897999286652,1
CLOSED_AMT_CREDIT_SUM_LIMIT_MAX,68.65785026550293,1
CLOSED_AMT_CREDIT_SUM_LIMIT_MEAN,196.46567058563232,1
CLOSED_ENDDATE_FACT_DIFF_MEAN,2303.895117521286,1
CLOSED_AMT_ANNUITY_MAX,761.5617017745972,1
CLOSED_AMT_ANNUITY_MEAN,668.8603818416595,1
CLOSED_AMT_CREDIT_MAX_OVERDUE_MEAN,3613.847019433975,1
CLOSED_ENDDATE_DIFF_MEAN,2639.4164979457855,1
CLOSED_AMT_CREDIT_SUM_DEBT_MEAN,292.26738715171814,1
CLOSED_AMT_CREDIT_SUM_DEBT_SUM,471.7234904766083,1
NEW_RATIO_BURO_DPD_SCORE_MEAN,883.6837258338928,1
NEW_RATIO_BURO_AMT_CREDIT_SUM_MAX,1783.4101786613464,1
NEW_RATIO_BURO_AMT_CREDIT_SUM_MEAN,2186.3430132865906,1
NEW_RATIO_BURO_AMT_CREDIT_SUM_SUM,4226.33097410202,1
NEW_RATIO_BURO_AMT_CREDIT_SUM_LIMIT_MEAN,1503.5093903541565,1
NEW_RATIO_BURO_AMT_CREDIT_SUM_LIMIT_SUM,822.8086266517639,1
NEW_RATIO_BURO_AMT_CREDIT_MAX_OVERDUE_MEAN,856.7275791168213,1
NEW_RATIO_BURO_ENDDATE_DIFF_MEAN,2590.8501830101013,1
NEW_RATIO_BURO_AMT_CREDIT_SUM_DEBT_MEAN,3212.03267288208,1
NEW_RATIO_BURO_AMT_CREDIT_SUM_DEBT_SUM,3061.8242704868317,1
BUREAU_SCORE,4301.981133699417,1
PREV_APPR_CASH_AMT_CREDIT_MEAN,1089.8192074298859,1
PREV_APPR_CASH_AMT_CREDIT_SUM,1378.5057921409607,1
PREV_APPR_CASH_PRODUCT_COMBINATION_Cash Street: middle_MEAN,121.87317991256714,1
PREV_APPR_CASH_PRODUCT_COMBINATION_Cash X-Sell: low_MEAN,1633.1577022075653,1
PREV_APPR_CASH_PRODUCT_COMBINATION_Cash X-Sell: low_SUM,29.94498062133789,1
PREV_APPR_CASH_PRODUCT_COMBINATION_Cash X-Sell: middle_MEAN,456.15965938568115,1
PREV_APPR_CASH_PRODUCT_COMBINATION_Cash X-Sell: middle_SUM,231.8024218082428,1
PREV_APPR_CASH_AMT_ANNUITY_MEAN,2255.4458301067352,1
PREV_APPR_CASH_AMT_ANNUITY_SUM,2319.75425696373,1
PREV_APPR_CASH_CNT_PAYMENT_MEAN,2045.4221603870392,1
PREV_APPR_CASH_CNT_PAYMENT_MAX,2135.9909303188324,1
PREV_APPR_CASH_PRODUCT_COMBINATION_Cash Street: low_MEAN,841.4768187999725,1
PREV_APPR_CASH_PRODUCT_COMBINATION_Cash Street: low_SUM,10.287869930267334,1
PREV_APPR_CASH_RATIO_ANN_TO_APP_MEAN,2198.63579249382,1
PREV_APPR_CASH_PRODUCT_COMBINATION_Cash X-Sell: high_MEAN,1094.9599237442017,1
PREV_APPR_CASH_PRODUCT_COMBINATION_Cash X-Sell: high_SUM,24.82270050048828,1
PREV_APPR_CASH_DAYS_LAST_DUE_1ST_VERSION_DIFF_MEAN,5397.9880928993225,1
PREV_APPR_CASH_DAYS_TERMINATION_DIFF_MEAN,2517.7129740715027,1
PREV_APPR_CASH_PRODUCT_COMBINATION_Cash Street: high_MEAN,486.2841601371765,1
PREV_APPR_CASH_PRODUCT_COMBINATION_Cash Street: high_SUM,176.72244882583618,1
PREV_APPR_CASH_DAYS_LAST_DUE_DIFF_MEAN,2401.2926354408264,1
PREV_APPR_CASH_AMT_APPLICATION_MEAN,1090.8963975906372,1
PREV_APPR_CASH_AMT_APPLICATION_SUM,995.7419497966766,1
PREV_APPR_CASH_COUNT,335.1087203025818,1
PREV_APPR_CONSUME_AMT_CREDIT_MEAN,2132.2409830093384,1
PREV_APPR_CONSUME_AMT_CREDIT_SUM,2087.271398305893,1
PREV_APPR_CONSUME_NAME_GOODS_CATEGORY_Photo / Cinema Equipment_MEAN,178.27028131484985,1
PREV_APPR_CONSUME_CNT_PAYMENT_MEAN,1443.754814863205,1
PREV_APPR_CONSUME_CNT_PAYMENT_MAX,1182.3795475959778,1
PREV_APPR_CONSUME_PRODUCT_COMBINATION_POS mobile with interest_MEAN,782.4367728233337,1
PREV_APPR_CONSUME_NAME_GOODS_CATEGORY_Computers_MEAN,311.8402795791626,1
PREV_APPR_CONSUME_DAYS_TERMINATION_DIFF_MEAN,3088.3707373142242,1
PREV_APPR_CONSUME_NAME_GOODS_CATEGORY_Jewelry_MEAN,4.035749912261963,1
PREV_APPR_CONSUME_NAME_GOODS_CATEGORY_Furniture_MEAN,199.21209931373596,1
PREV_APPR_CONSUME_PRODUCT_COMBINATION_POS household without interest_MEAN,445.1428472995758,1
PREV_APPR_CONSUME_RATE_DOWN_PAYMENT_MEAN,3330.0129902362823,1
PREV_APPR_CONSUME_RATE_DOWN_PAYMENT_MAX,6787.696841239929,1
PREV_APPR_CONSUME_NAME_GOODS_CATEGORY_Clothing and Accessories_MEAN,122.7771508693695,1
PREV_APPR_CONSUME_NAME_GOODS_CATEGORY_Audio/Video_MEAN,840.4011025428772,1
PREV_APPR_CONSUME_PRODUCT_COMBINATION_POS industry with interest_MEAN,546.2198379039764,1
PREV_APPR_CONSUME_PRODUCT_COMBINATION_POS industry without interest_MEAN,439.35471534729004,1
PREV_APPR_CONSUME_NAME_GOODS_CATEGORY_Construction Materials_MEAN,162.29616117477417,1
PREV_APPR_CONSUME_NAME_GOODS_CATEGORY_Vehicles_MEAN,51.471510887145996,1
PREV_APPR_CONSUME_PRODUCT_COMBINATION_POS household with interest_MEAN,1141.5370149612427,1
PREV_APPR_CONSUME_NAME_GOODS_CATEGORY_Auto Accessories_MEAN,31.44605016708374,1
PREV_APPR_CONSUME_AMT_ANNUITY_MEAN,4454.581604480743,1
PREV_APPR_CONSUME_AMT_ANNUITY_SUM,9868.360484838486,1
PREV_APPR_CONSUME_AMT_APPLICATION_MEAN,3003.187915325165,1
PREV_APPR_CONSUME_AMT_APPLICATION_SUM,6699.817084789276,1
PREV_APPR_CONSUME_PRODUCT_COMBINATION_POS mobile without interest_MEAN,118.72123861312866,1
PREV_APPR_CONSUME_NAME_GOODS_CATEGORY_Consumer Electronics_MEAN,628.2102513313293,1
PREV_APPR_CONSUME_NAME_GOODS_CATEGORY_Others_MEAN,62.91516041755676,1
PREV_APPR_CONSUME_RATIO_ANN_TO_APP_MEAN,3510.225055217743,1
PREV_APPR_CONSUME_DAYS_LAST_DUE_1ST_VERSION_DIFF_MEAN,1475.395340681076,1
PREV_APPR_CONSUME_NAME_GOODS_CATEGORY_Mobile_MEAN,746.8299241065979,1
PREV_APPR_CONSUME_DAYS_LAST_DUE_DIFF_MEAN,1495.8450772762299,1
PREV_APPR_CONSUME_PRODUCT_COMBINATION_POS other with interest_MEAN,57.125850677490234,1
PREV_APPR_CONSUME_COUNT,338.2728281021118,1
PREV_APPR_REVOLVING_AMT_CREDIT_MEAN,264.1570086479187,1
PREV_APPR_REVOLVING_AMT_CREDIT_SUM,235.2889485359192,1
PREV_APPR_REVOLVING_AMT_ANNUITY_MEAN,507.4389011859894,1
PREV_APPR_REVOLVING_AMT_ANNUITY_SUM,341.97126054763794,1
PREV_APPR_REVOLVING_PRODUCT_COMBINATION_Card X-Sell_MEAN,314.73577070236206,1
PREV_APPR_REVOLVING_DAYS_LAST_DUE_DIFF_MEAN,1356.945217847824,1
PREV_APPR_REVOLVING_PRODUCT_COMBINATION_Card Street_MEAN,11.53557014465332,1
PREV_REFU_CASH_AMT_CREDIT_MEAN,852.8606157302856,1
PREV_REFU_CASH_AMT_CREDIT_SUM,639.5531630516052,1
PREV_REFU_CASH_PRODUCT_COMBINATION_Cash X-Sell: low_MEAN,2729.0574040412903,1
PREV_REFU_CASH_PRODUCT_COMBINATION_Cash X-Sell: middle_MEAN,351.25079822540283,1
PREV_REFU_CASH_PRODUCT_COMBINATION_Cash Street: low_MEAN,67.02318000793457,1
PREV_REFU_CASH_CNT_PAYMENT_MEAN,3392.754608631134,1
PREV_REFU_CASH_CNT_PAYMENT_MAX,1223.3329100608826,1
PREV_REFU_CASH_RATIO_ANN_TO_APP_MEAN,1247.7324447631836,1
PREV_REFU_CASH_PRODUCT_COMBINATION_Cash Street: middle_MEAN,250.82499933242798,1
PREV_REFU_CASH_PRODUCT_COMBINATION_Cash Street: middle_SUM,11.219300270080566,1
PREV_REFU_CASH_AMT_ANNUITY_MEAN,1771.8290448188782,1
PREV_REFU_CASH_AMT_ANNUITY_SUM,827.4606091976166,1
PREV_REFU_CASH_PRODUCT_COMBINATION_Cash Street: high_MEAN,321.5979197025299,1
PREV_REFU_CASH_PRODUCT_COMBINATION_Cash Street: high_SUM,6.600039958953857,1
PREV_REFU_CASH_PRODUCT_COMBINATION_Cash X-Sell: high_MEAN,449.78607153892517,1
PREV_REFU_CASH_PRODUCT_COMBINATION_Cash X-Sell: high_SUM,18.81389045715332,1
PREV_REFU_CASH_AMT_APPLICATION_MEAN,780.8202710151672,1
PREV_REFU_CASH_AMT_APPLICATION_SUM,553.1887791156769,1
PREV_REFU_CASH_COUNT,432.60695934295654,1
PREV_REFU_CONSUME_AMT_CREDIT_MEAN,387.1442186832428,1
PREV_REFU_CONSUME_AMT_CREDIT_SUM,550.2249202728271,1
PREV_REFU_CONSUME_NAME_GOODS_CATEGORY_Photo / Cinema Equipment_MEAN,160.07979130744934,1
PREV_REFU_CONSUME_CNT_PAYMENT_MEAN,576.309246301651,1
PREV_REFU_CONSUME_CNT_PAYMENT_MAX,279.18179082870483,1
PREV_REFU_CONSUME_PRODUCT_COMBINATION_POS household with interest_MEAN,190.75137162208557,1
PREV_REFU_CONSUME_NAME_GOODS_CATEGORY_XNA_MEAN,41.72523045539856,1
PREV_REFU_CONSUME_PRODUCT_COMBINATION_POS mobile with interest_MEAN,94.49767112731934,1
PREV_REFU_CONSUME_NAME_GOODS_CATEGORY_Computers_MEAN,119.03160953521729,1
PREV_REFU_CONSUME_AMT_ANNUITY_MEAN,399.53284883499146,1
PREV_REFU_CONSUME_AMT_ANNUITY_SUM,482.8157527446747,1
PREV_REFU_CONSUME_RATE_DOWN_PAYMENT_MEAN,629.8387317657471,1
PREV_REFU_CONSUME_RATE_DOWN_PAYMENT_MAX,1153.8285088539124,1
PREV_REFU_CONSUME_PRODUCT_COMBINATION_POS mobile without interest_MEAN,24.24525022506714,1
PREV_REFU_CONSUME_NAME_GOODS_CATEGORY_Consumer Electronics_MEAN,55.259520053863525,1
PREV_REFU_CONSUME_NAME_GOODS_CATEGORY_Audio/Video_MEAN,11.517000198364258,1
PREV_REFU_CONSUME_PRODUCT_COMBINATION_POS industry with interest_MEAN,89.70257949829102,1
PREV_REFU_CONSUME_RATIO_ANN_TO_APP_MEAN,442.5817790031433,1
PREV_REFU_CONSUME_NAME_GOODS_CATEGORY_Mobile_MEAN,45.63688945770264,1
PREV_REFU_CONSUME_AMT_APPLICATION_MEAN,414.5967810153961,1
PREV_REFU_CONSUME_AMT_APPLICATION_SUM,310.2955391407013,1
PREV_REFU_CONSUME_COUNT,108.13090014457703,1
PREV_REFU_REVOLVING_AMT_CREDIT_MEAN,648.0623826980591,1
PREV_REFU_REVOLVING_AMT_CREDIT_SUM,398.75236415863037,1
PREV_REFU_REVOLVING_PRODUCT_COMBINATION_Card X-Sell_MEAN,178.31573247909546,1
PREV_REFU_REVOLVING_PRODUCT_COMBINATION_Card Street_MEAN,40.787020683288574,1
PREV_REFU_REVOLVING_AMT_ANNUITY_MEAN,475.4515287876129,1
PREV_REFU_REVOLVING_AMT_ANNUITY_SUM,748.3785724639893,1
PREV_REFU_REVOLVING_RATIO_ANN_TO_APP_MEAN,966.4527263641357,1
PREV_REFU_REVOLVING_COUNT,189.73761796951294,1
PREV_CASH_SCORE,9707.851887226105,1
PREV_CONSUME_SCORE,4589.921212673187,1
POS_CNT_PREV_ID,1422.4792003631592,1
POS_DPD_RATIO_MAX,326.8643970489502,1
POS_DPD_RATIO_MEAN,468.63758659362793,1
POS_SK_DPD_MAX_MAX,652.507239818573,1
POS_SK_DPD_MAX_MEAN,8509.607203245163,1
POS_SK_DPD_DEF_MAX_MAX,553.4011800289154,1
POS_SK_DPD_DEF_MAX_MEAN,2332.8191311359406,1
POS_CNT_COMPLETED,362.84211897850037,1
POS_CNT_ACTIVED,518.9254937171936,1
POS_FLAG_UNCOMPLETED,375.1173379421234,1
POS_COUNT,3533.814425945282,1
POS_SCORE,2187.1282551288605,1
INSTAL_DBD_MAX,3360.6312713623047,1
INSTAL_DBD_MEAN,3597.911222934723,1
INSTAL_DBD_SUM,3011.9926409721375,1
INSTAL_AMT_INSTALMENT_MAX,3347.16801905632,1
INSTAL_AMT_INSTALMENT_MEAN,2250.2771232128143,1
INSTAL_AMT_INSTALMENT_SUM,2270.052146434784,1
INSTAL_AMT_PAYMENT_MIN,2897.5738241672516,1
INSTAL_AMT_PAYMENT_MAX,3150.8902282714844,1
INSTAL_AMT_PAYMENT_MEAN,2111.006335735321,1
INSTAL_AMT_PAYMENT_SUM,4527.822401762009,1
INSTAL_PAYMENT_PERC_MEAN,3798.545408964157,1
INSTAL_DPD_MAX,973.4397151470184,1
INSTAL_DPD_MEAN,2955.373485803604,1
INSTAL_DPD_SUM,752.6312935352325,1
INSTAL_NUM_INSTALMENT_VERSION_NUNIQUE,1166.323519229889,1
INSTAL_COUNT,2976.8569424152374,1
INSTAL_DPD_DBD_RATIO,4414.591724872589,1
INSTAL_DPD_DBD_DIFF,3604.6767523288727,1
INSTAL_SCORE,4577.132696866989,1
CC_RAW_AMT_TOTAL_RECEIVABLE_MAX,597.1088495254517,1
CC_RAW_AMT_TOTAL_RECEIVABLE_MEAN,1163.5015892982483,1
CC_RAW_AMT_BALANCE_MAX,682.0036237239838,1
CC_RAW_AMT_BALANCE_MEAN,1675.3886523246765,1
CC_RAW_AMT_INST_MIN_REGULARITY_MAX,321.9826183319092,1
CC_RAW_AMT_PAYMENT_TOTAL_CURRENT_MAX,1244.9289917945862,1
CC_RAW_AMT_PAYMENT_TOTAL_CURRENT_MEAN,583.5183382034302,1
CC_RAW_AMT_DRAWINGS_CURRENT_MAX,595.5932507514954,1
CC_RAW_AMT_DRAWINGS_CURRENT_MEAN,4964.8176012039185,1
CC_RAW_AMT_DRAWINGS_CURRENT_SUM,680.5617070198059,1
CC_RAW_AMT_PAYMENT_MAX_MEAN,907.8875379562378,1
CC_RAW_AMT_PAYMENT_CURRENT_MEAN,143.588369846344,1
CC_RM_UNUSE_AMT_TOTAL_RECEIVABLE_MEAN,1116.5386917591095,1
CC_RM_UNUSE_AMT_BALANCE_MEAN,326.2982313632965,1
CC_RM_UNUSE_AMT_INST_MIN_REGULARITY_MEAN,464.01857566833496,1
CC_RM_UNUSE_AMT_PAYMENT_CURRENT_SUM,1820.4359991550446,1
CC_EXCEED_AMT_DRAWINGS_CURRENT_MAX,543.4506087303162,1
CC_EXCEED_AMT_BALANCE_MEAN,1656.5382707118988,1
CC_EXCEED_AMT_PAYMENT_CURRENT_SUM,945.52232837677,1
CC_COUNT,1146.3432791233063,1
CC_SCORE,4921.299991369247,1
MIX_CC_BAL_MEAN_TO_INCOME,2641.1693539619446,1
MIX_CC_BAL_MAX_TO_INCOME,1007.4168438911438,1
MIX_CC_TOTAL_RECEIVABLE_MEAN_TO_INCOME,1109.1527144908905,1
AMT_ANNUITY,13226.667998075485,2
AMT_CREDIT,4404.212210178375,2
AMT_GOODS_PRICE,6782.257299423218,2
AMT_INCOME_TOTAL,2640.169731616974,2
CODE_GENDER,7806.549930334091,2
DAYS_BIRTH,13924.91739153862,2
DAYS_EMPLOYED,12919.099656581879,2
DAYS_ID_PUBLISH,6885.934944868088,2
DAYS_REGISTRATION,5766.956517457962,2
DEF_30_CNT_SOCIAL_CIRCLE,426.53439950942993,2
DEF_60_CNT_SOCIAL_CIRCLE,303.3553912639618,2
EXT_SOURCE_1,7867.28310585022,2
EXT_SOURCE_2,7960.007863998413,2
EXT_SOURCE_3,12203.130152463913,2
FLAG_OWN_REALTY,190.2429337501526,2
OBS_30_CNT_SOCIAL_CIRCLE,853.7373585700989,2
OBS_60_CNT_SOCIAL_CIRCLE,712.1379096508026,2
OWN_CAR_AGE,5297.6812381744385,2
REQ_CNT,527.4753580093384,2
NEW_CREDIT_TO_ANNUITY_RATIO,29513.25808405876,2
NEW_CREDIT_TO_GOODS_RATIO,21694.351185321808,2
NEW_CREDIT_TO_INCOME,5720.163152456284,2
NEW_EMPLOY_TO_BIRTH_RATIO,8203.506142139435,2
NEW_SOURCES_PROD_12,7408.570364236832,2
NEW_SOURCES_PROD_23,21738.447284460068,2
NEW_SOURCES_PROD_13,6338.400764942169,2
NEW_EXT_SOURCES_MEAN,239871.8790562153,2
NEW_SCORES_STD,3689.4224801063538,2
NEW_CAR_TO_BIRTH_RATIO,4815.013114690781,2
NEW_PHONE_TO_BIRTH_RATIO,5089.664492845535,2
DEF_TO_OBS_30_RATIO,2362.9874308109283,2
DEF_TO_OBS_60_RATIO,1505.3290631771088,2
NAME_CONTRACT_TYPE_Cash loans,1404.5891778469086,2
NAME_CONTRACT_TYPE_Revolving loans,35.49460029602051,2
NAME_EDUCATION_TYPE_Higher education,5508.442537307739,2
NAME_EDUCATION_TYPE_Incomplete higher,124.94917964935303,2
NAME_EDUCATION_TYPE_Lower secondary,184.67238998413086,2
NAME_EDUCATION_TYPE_Secondary / secondary special,3243.314706325531,2
NAME_INCOME_TYPE_Commercial associate,247.43290853500366,2
NAME_INCOME_TYPE_State servant,981.5151391029358,2
NAME_INCOME_TYPE_Working,2334.7965030670166,2
BURO_DPD_SCORE_MEAN,1609.5980191230774,2
BURO_CREDIT_TYPE_Credit card_MEAN,2155.8570115566254,2
BURO_CREDIT_TYPE_Consumer credit_MEAN,215.10450315475464,2
BURO_CREDIT_ACTIVE_Active_MEAN,1365.6815915107727,2
BURO_ENDDATE_DIFF_MEAN,3808.2986080646515,2
BURO_ENDDATE_FACT_DIFF_MEAN,3113.2452347278595,2
BURO_CREDIT_ACTIVE_Closed_MEAN,3979.602816104889,2
BURO_AMT_CREDIT_SUM_DEBT_MAX,3176.897646665573,2
BURO_AMT_CREDIT_SUM_DEBT_SUM,4036.8456859588623,2
BURO_CREDIT_ACTIVE_Sold_MEAN,219.71874833106995,2
ACTIVE_DPD_SCORE_MEAN,1021.8430495262146,2
ACTIVE_AMT_CREDIT_SUM_MAX,3875.358666419983,2
ACTIVE_AMT_CREDIT_SUM_MEAN,4034.34907412529,2
ACTIVE_AMT_CREDIT_SUM_SUM,5204.605105400085,2
ACTIVE_AMT_CREDIT_SUM_LIMIT_MEAN,1978.5465655326843,2
ACTIVE_AMT_CREDIT_SUM_LIMIT_SUM,1177.400652885437,2
ACTIVE_AMT_CREDIT_MAX_OVERDUE_MEAN,4485.421536445618,2
ACTIVE_ENDDATE_DIFF_MEAN,4510.435735940933,2
ACTIVE_AMT_CREDIT_SUM_DEBT_MEAN,6812.441212892532,2
ACTIVE_AMT_CREDIT_SUM_DEBT_SUM,2782.4514532089233,2
ACTIVE_AMT_CREDIT_SUM_OVERDUE_MEAN,1295.2621881961823,2
CLOSED_DPD_SCORE_MEAN,1374.586674451828,2
CLOSED_AMT_CREDIT_SUM_MAX,2816.3056898117065,2
CLOSED_AMT_CREDIT_SUM_MEAN,3255.821551322937,2
CLOSED_AMT_CREDIT_SUM_SUM,4368.036149263382,2
CLOSED_AMT_CREDIT_SUM_LIMIT_MAX,157.6463599205017,2
CLOSED_AMT_CREDIT_SUM_LIMIT_MEAN,157.26592111587524,2
CLOSED_ENDDATE_FACT_DIFF_MEAN,2365.963385820389,2
CLOSED_AMT_ANNUITY_MAX,956.8499293327332,2
CLOSED_AMT_ANNUITY_MEAN,573.0762507915497,2
CLOSED_AMT_CREDIT_MAX_OVERDUE_MEAN,3969.209429502487,2
CLOSED_ENDDATE_DIFF_MEAN,3034.152897119522,2
CLOSED_AMT_CREDIT_SUM_DEBT_MEAN,376.65115118026733,2
CLOSED_AMT_CREDIT_SUM_DEBT_SUM,482.43373560905457,2
NEW_RATIO_BURO_DPD_SCORE_MEAN,858.9236500263214,2
NEW_RATIO_BURO_AMT_CREDIT_SUM_MAX,2421.654335975647,2
NEW_RATIO_BURO_AMT_CREDIT_SUM_MEAN,2329.7778708934784,2
NEW_RATIO_BURO_AMT_CREDIT_SUM_SUM,4164.4709684848785,2
NEW_RATIO_BURO_AMT_CREDIT_SUM_LIMIT_MEAN,1383.4337186813354,2
NEW_RATIO_BURO_AMT_CREDIT_SUM_LIMIT_SUM,798.1863899230957,2
NEW_RATIO_BURO_AMT_CREDIT_MAX_OVERDUE_MEAN,612.6595115661621,2
NEW_RATIO_BURO_ENDDATE_DIFF_MEAN,2681.985925912857,2
NEW_RATIO_BURO_AMT_CREDIT_SUM_DEBT_MEAN,2835.7689151763916,2
NEW_RATIO_BURO_AMT_CREDIT_SUM_DEBT_SUM,2873.1761078834534,2
BUREAU_SCORE,4821.759006261826,2
PREV_APPR_CASH_AMT_CREDIT_MEAN,1234.8961102962494,2
PREV_APPR_CASH_AMT_CREDIT_SUM,1502.8613646030426,2
PREV_APPR_CASH_PRODUCT_COMBINATION_Cash Street: middle_MEAN,85.32965040206909,2
PREV_APPR_CASH_PRODUCT_COMBINATION_Cash X-Sell: low_MEAN,1910.6860342025757,2
PREV_APPR_CASH_PRODUCT_COMBINATION_Cash X-Sell: low_SUM,239.12232995033264,2
PREV_APPR_CASH_PRODUCT_COMBINATION_Cash X-Sell: middle_MEAN,548.989378452301,2
PREV_APPR_CASH_PRODUCT_COMBINATION_Cash X-Sell: middle_SUM,243.0038697719574,2
PREV_APPR_CASH_AMT_ANNUITY_MEAN,2385.5265758037567,2
PREV_APPR_CASH_AMT_ANNUITY_SUM,2538.623336315155,2
PREV_APPR_CASH_CNT_PAYMENT_MEAN,2554.2478635311127,2
PREV_APPR_CASH_CNT_PAYMENT_MAX,2826.830957889557,2
PREV_APPR_CASH_PRODUCT_COMBINATION_Cash Street: low_MEAN,766.3322746753693,2
PREV_APPR_CASH_PRODUCT_COMBINATION_Cash Street: low_SUM,0.0,2
PREV_APPR_CASH_RATIO_ANN_TO_APP_MEAN,2605.339392900467,2
PREV_APPR_CASH_PRODUCT_COMBINATION_Cash X-Sell: high_MEAN,1411.1096534729004,2
PREV_APPR_CASH_PRODUCT_COMBINATION_Cash X-Sell: high_SUM,76.28792953491211,2
PREV_APPR_CASH_DAYS_LAST_DUE_1ST_VERSION_DIFF_MEAN,4687.606120347977,2
PREV_APPR_CASH_DAYS_TERMINATION_DIFF_MEAN,3157.9725465774536,2
PREV_APPR_CASH_PRODUCT_COMBINATION_Cash Street: high_MEAN,606.0841670036316,2
PREV_APPR_CASH_PRODUCT_COMBINATION_Cash Street: high_SUM,20.659029483795166,2
PREV_APPR_CASH_DAYS_LAST_DUE_DIFF_MEAN,1706.2196655273438,2
PREV_APPR_CASH_AMT_APPLICATION_MEAN,734.1447184085846,2
PREV_APPR_CASH_AMT_APPLICATION_SUM,982.7452571392059,2
PREV_APPR_CASH_COUNT,341.9973101615906,2
PREV_APPR_CONSUME_AMT_CREDIT_MEAN,2271.066692352295,2
PREV_APPR_CONSUME_AMT_CREDIT_SUM,2223.8084506988525,2
PREV_APPR_CONSUME_NAME_GOODS_CATEGORY_Photo / Cinema Equipment_MEAN,198.5812418460846,2
PREV_APPR_CONSUME_CNT_PAYMENT_MEAN,1633.0282967090607,2
PREV_APPR_CONSUME_CNT_PAYMENT_MAX,1021.2505407333374,2
PREV_APPR_CONSUME_PRODUCT_COMBINATION_POS mobile with interest_MEAN,881.8364129066467,2
PREV_APPR_CONSUME_NAME_GOODS_CATEGORY_Computers_MEAN,463.8110589981079,2
PREV_APPR_CONSUME_DAYS_TERMINATION_DIFF_MEAN,3449.435692548752,2
PREV_APPR_CONSUME_NAME_GOODS_CATEGORY_Jewelry_MEAN,18.951069355010986,2
PREV_APPR_CONSUME_NAME_GOODS_CATEGORY_Furniture_MEAN,247.44316148757935,2
PREV_APPR_CONSUME_PRODUCT_COMBINATION_POS household without interest_MEAN,486.29054021835327,2
PREV_APPR_CONSUME_RATE_DOWN_PAYMENT_MEAN,3215.9576473236084,2
PREV_APPR_CONSUME_RATE_DOWN_PAYMENT_MAX,6306.518184661865,2
PREV_APPR_CONSUME_NAME_GOODS_CATEGORY_Clothing and Accessories_MEAN,291.640962600708,2
PREV_APPR_CONSUME_NAME_GOODS_CATEGORY_Audio/Video_MEAN,689.6938147544861,2
PREV_APPR_CONSUME_PRODUCT_COMBINATION_POS industry with interest_MEAN,609.9048976898193,2
PREV_APPR_CONSUME_PRODUCT_COMBINATION_POS industry without interest_MEAN,219.70655798912048,2
PREV_APPR_CONSUME_NAME_GOODS_CATEGORY_Construction Materials_MEAN,349.18377780914307,2
PREV_APPR_CONSUME_NAME_GOODS_CATEGORY_Vehicles_MEAN,78.05708956718445,2
PREV_APPR_CONSUME_PRODUCT_COMBINATION_POS household with interest_MEAN,1504.646921157837,2
PREV_APPR_CONSUME_NAME_GOODS_CATEGORY_Auto Accessories_MEAN,21.963759899139404,2
PREV_APPR_CONSUME_AMT_ANNUITY_MEAN,5034.295786619186,2
PREV_APPR_CONSUME_AMT_ANNUITY_SUM,11739.337702274323,2
PREV_APPR_CONSUME_AMT_APPLICATION_MEAN,3614.224390268326,2
PREV_APPR_CONSUME_AMT_APPLICATION_SUM,4254.927439928055,2
PREV_APPR_CONSUME_PRODUCT_COMBINATION_POS mobile without interest_MEAN,118.61764097213745,2
PREV_APPR_CONSUME_NAME_GOODS_CATEGORY_Consumer Electronics_MEAN,485.2959682941437,2
PREV_APPR_CONSUME_NAME_GOODS_CATEGORY_Others_MEAN,104.31446146965027,2
PREV_APPR_CONSUME_RATIO_ANN_TO_APP_MEAN,3715.2043368816376,2
PREV_APPR_CONSUME_DAYS_LAST_DUE_1ST_VERSION_DIFF_MEAN,1828.0926866531372,2
PREV_APPR_CONSUME_NAME_GOODS_CATEGORY_Mobile_MEAN,827.5741782188416,2
PREV_APPR_CONSUME_DAYS_LAST_DUE_DIFF_MEAN,1279.2841646671295,2
PREV_APPR_CONSUME_PRODUCT_COMBINATION_POS other with interest_MEAN,69.84544920921326,2
PREV_APPR_CONSUME_COUNT,354.50639057159424,2
PREV_APPR_REVOLVING_AMT_CREDIT_MEAN,410.6157102584839,2
PREV_APPR_REVOLVING_AMT_CREDIT_SUM,280.470929145813,2
PREV_APPR_REVOLVING_AMT_ANNUITY_MEAN,641.1439006328583,2
PREV_APPR_REVOLVING_AMT_ANNUITY_SUM,437.81736993789673,2
PREV_APPR_REVOLVING_PRODUCT_COMBINATION_Card X-Sell_MEAN,109.83496952056885,2
PREV_APPR_REVOLVING_DAYS_LAST_DUE_DIFF_MEAN,993.8117895126343,2
PREV_APPR_REVOLVING_PRODUCT_COMBINATION_Card Street_MEAN,22.804800033569336,2
PREV_REFU_CASH_AMT_CREDIT_MEAN,962.790431022644,2
PREV_REFU_CASH_AMT_CREDIT_SUM,947.0619087219238,2
PREV_REFU_CASH_PRODUCT_COMBINATION_Cash X-Sell: low_MEAN,1475.0901050567627,2
PREV_REFU_CASH_PRODUCT_COMBINATION_Cash X-Sell: middle_MEAN,178.14929008483887,2
PREV_REFU_CASH_PRODUCT_COMBINATION_Cash Street: low_MEAN,115.18767833709717,2
PREV_REFU_CASH_CNT_PAYMENT_MEAN,3730.0329241752625,2
PREV_REFU_CASH_CNT_PAYMENT_MAX,575.9581317901611,2
PREV_REFU_CASH_RATIO_ANN_TO_APP_MEAN,1526.2150328159332,2
PREV_REFU_CASH_PRODUCT_COMBINATION_Cash Street: middle_MEAN,366.9782905578613,2
PREV_REFU_CASH_PRODUCT_COMBINATION_Cash Street: middle_SUM,0.0,2
PREV_REFU_CASH_AMT_ANNUITY_MEAN,1774.4195091724396,2
PREV_REFU_CASH_AMT_ANNUITY_SUM,986.239399433136,2
PREV_REFU_CASH_PRODUCT_COMBINATION_Cash Street: high_MEAN,608.4740812778473,2
PREV_REFU_CASH_PRODUCT_COMBINATION_Cash Street: high_SUM,91.84730958938599,2
PREV_REFU_CASH_PRODUCT_COMBINATION_Cash X-Sell: high_MEAN,223.98044872283936,2
PREV_REFU_CASH_PRODUCT_COMBINATION_Cash X-Sell: high_SUM,11.671699523925781,2
PREV_REFU_CASH_AMT_APPLICATION_MEAN,838.2617909908295,2
PREV_REFU_CASH_AMT_APPLICATION_SUM,989.2367784976959,2
PREV_REFU_CASH_COUNT,182.14939832687378,2
PREV_REFU_CONSUME_AMT_CREDIT_MEAN,308.4320421218872,2
PREV_REFU_CONSUME_AMT_CREDIT_SUM,382.52756929397583,2
PREV_REFU_CONSUME_NAME_GOODS_CATEGORY_Photo / Cinema Equipment_MEAN,27.496699810028076,2
PREV_REFU_CONSUME_CNT_PAYMENT_MEAN,464.42483139038086,2
PREV_REFU_CONSUME_CNT_PAYMENT_MAX,325.64688062667847,2
PREV_REFU_CONSUME_PRODUCT_COMBINATION_POS household with interest_MEAN,228.3609504699707,2
PREV_REFU_CONSUME_NAME_GOODS_CATEGORY_XNA_MEAN,68.92112064361572,2
PREV_REFU_CONSUME_PRODUCT_COMBINATION_POS mobile with interest_MEAN,189.94035959243774,2
PREV_REFU_CONSUME_NAME_GOODS_CATEGORY_Computers_MEAN,101.97420072555542,2
PREV_REFU_CONSUME_AMT_ANNUITY_MEAN,795.2457342147827,2
PREV_REFU_CONSUME_AMT_ANNUITY_SUM,609.2800602912903,2
PREV_REFU_CONSUME_RATE_DOWN_PAYMENT_MEAN,786.0285210609436,2
PREV_REFU_CONSUME_RATE_DOWN_PAYMENT_MAX,972.8240795135498,2
PREV_REFU_CONSUME_PRODUCT_COMBINATION_POS mobile without interest_MEAN,0.0,2
PREV_REFU_CONSUME_NAME_GOODS_CATEGORY_Consumer Electronics_MEAN,7.19828987121582,2
PREV_REFU_CONSUME_NAME_GOODS_CATEGORY_Audio/Video_MEAN,11.936759948730469,2
PREV_REFU_CONSUME_PRODUCT_COMBINATION_POS industry with interest_MEAN,12.973530292510986,2
PREV_REFU_CONSUME_RATIO_ANN_TO_APP_MEAN,880.5369093418121,2
PREV_REFU_CONSUME_NAME_GOODS_CATEGORY_Mobile_MEAN,100.93384838104248,2
PREV_REFU_CONSUME_AMT_APPLICATION_MEAN,489.246750831604,2
PREV_REFU_CONSUME_AMT_APPLICATION_SUM,498.09675765037537,2
PREV_REFU_CONSUME_COUNT,176.03321027755737,2
PREV_REFU_REVOLVING_AMT_CREDIT_MEAN,431.55300092697144,2
PREV_REFU_REVOLVING_AMT_CREDIT_SUM,362.765807390213,2
PREV_REFU_REVOLVING_PRODUCT_COMBINATION_Card X-Sell_MEAN,87.94269943237305,2
PREV_REFU_REVOLVING_PRODUCT_COMBINATION_Card Street_MEAN,88.56779861450195,2
PREV_REFU_REVOLVING_AMT_ANNUITY_MEAN,1023.3646037578583,2
PREV_REFU_REVOLVING_AMT_ANNUITY_SUM,655.2364017963409,2
PREV_REFU_REVOLVING_RATIO_ANN_TO_APP_MEAN,919.6873710155487,2
PREV_REFU_REVOLVING_COUNT,187.88715839385986,2
PREV_CASH_SCORE,10203.122902393341,2
PREV_CONSUME_SCORE,4903.011810064316,2
POS_CNT_PREV_ID,1060.4265167713165,2
POS_DPD_RATIO_MAX,434.2216606140137,2
POS_DPD_RATIO_MEAN,591.4190483093262,2
POS_SK_DPD_MAX_MAX,753.7402563095093,2
POS_SK_DPD_MAX_MEAN,8670.48965215683,2
POS_SK_DPD_DEF_MAX_MAX,546.8503611087799,2
POS_SK_DPD_DEF_MAX_MEAN,2412.2027583122253,2
POS_CNT_COMPLETED,371.457510471344,2
POS_CNT_ACTIVED,334.33891105651855,2
POS_FLAG_UNCOMPLETED,419.51994132995605,2
POS_COUNT,4230.451313257217,2
POS_SCORE,2227.1052622795105,2
INSTAL_DBD_MAX,4022.3791286945343,2
INSTAL_DBD_MEAN,4854.003947257996,2
INSTAL_DBD_SUM,3181.672081232071,2
INSTAL_AMT_INSTALMENT_MAX,2411.4699099063873,2
INSTAL_AMT_INSTALMENT_MEAN,1385.5224297046661,2
INSTAL_AMT_INSTALMENT_SUM,2041.1530859470367,2
INSTAL_AMT_PAYMENT_MIN,3421.002520799637,2
INSTAL_AMT_PAYMENT_MAX,2537.9344658851624,2
INSTAL_AMT_PAYMENT_MEAN,2388.5848422050476,2
INSTAL_AMT_PAYMENT_SUM,4962.054527044296,2
INSTAL_PAYMENT_PERC_MEAN,3493.9153747558594,2
INSTAL_DPD_MAX,1137.394776582718,2
INSTAL_DPD_MEAN,3939.2892286777496,2
INSTAL_DPD_SUM,518.0286889076233,2
INSTAL_NUM_INSTALMENT_VERSION_NUNIQUE,988.7751278877258,2
INSTAL_COUNT,2678.9577350616455,2
INSTAL_DPD_DBD_RATIO,3559.161028146744,2
INSTAL_DPD_DBD_DIFF,3955.5926089286804,2
INSTAL_SCORE,5243.864862442017,2
CC_RAW_AMT_TOTAL_RECEIVABLE_MAX,580.99764585495,2
CC_RAW_AMT_TOTAL_RECEIVABLE_MEAN,1137.886194229126,2
CC_RAW_AMT_BALANCE_MAX,606.080304145813,2
CC_RAW_AMT_BALANCE_MEAN,1566.2905960083008,2
CC_RAW_AMT_INST_MIN_REGULARITY_MAX,580.4561743736267,2
CC_RAW_AMT_PAYMENT_TOTAL_CURRENT_MAX,1470.6363415718079,2
CC_RAW_AMT_PAYMENT_TOTAL_CURRENT_MEAN,923.1081123352051,2
CC_RAW_AMT_DRAWINGS_CURRENT_MAX,604.693817615509,2
CC_RAW_AMT_DRAWINGS_CURRENT_MEAN,5779.374340772629,2
CC_RAW_AMT_DRAWINGS_CURRENT_SUM,1006.0719537734985,2
CC_RAW_AMT_PAYMENT_MAX_MEAN,1112.4376726150513,2
CC_RAW_AMT_PAYMENT_CURRENT_MEAN,88.53402042388916,2
CC_RM_UNUSE_AMT_TOTAL_RECEIVABLE_MEAN,675.5465087890625,2
CC_RM_UNUSE_AMT_BALANCE_MEAN,197.4713487625122,2
CC_RM_UNUSE_AMT_INST_MIN_REGULARITY_MEAN,354.90434980392456,2
CC_RM_UNUSE_AMT_PAYMENT_CURRENT_SUM,2710.565081357956,2
CC_EXCEED_AMT_DRAWINGS_CURRENT_MAX,666.1110095977783,2
CC_EXCEED_AMT_BALANCE_MEAN,2552.6049466133118,2
CC_EXCEED_AMT_PAYMENT_CURRENT_SUM,1341.4713985919952,2
CC_COUNT,1552.1236362457275,2
CC_SCORE,3736.616157770157,2
MIX_CC_BAL_MEAN_TO_INCOME,2726.7805938720703,2
MIX_CC_BAL_MAX_TO_INCOME,809.6837522983551,2
MIX_CC_TOTAL_RECEIVABLE_MEAN_TO_INCOME,1510.7957372665405,2
AMT_ANNUITY,13053.358969926834,3
AMT_CREDIT,4882.454789400101,3
AMT_GOODS_PRICE,7178.130031824112,3
AMT_INCOME_TOTAL,3861.6183154582977,3
CODE_GENDER,7516.269228219986,3
DAYS_BIRTH,16625.690322875977,3
DAYS_EMPLOYED,16057.950150489807,3
DAYS_ID_PUBLISH,7358.484714508057,3
DAYS_REGISTRATION,6892.961825370789,3
DEF_30_CNT_SOCIAL_CIRCLE,887.7024328708649,3
DEF_60_CNT_SOCIAL_CIRCLE,346.60567021369934,3
EXT_SOURCE_1,9102.69457745552,3
EXT_SOURCE_2,9379.696542978287,3
EXT_SOURCE_3,13783.175082921982,3
FLAG_OWN_REALTY,137.59459829330444,3
OBS_30_CNT_SOCIAL_CIRCLE,746.819591999054,3
OBS_60_CNT_SOCIAL_CIRCLE,839.0886120796204,3
OWN_CAR_AGE,4525.591192245483,3
REQ_CNT,778.4497957229614,3
NEW_CREDIT_TO_ANNUITY_RATIO,30856.449857473373,3
NEW_CREDIT_TO_GOODS_RATIO,22782.893877744675,3
NEW_CREDIT_TO_INCOME,6279.12806725502,3
NEW_EMPLOY_TO_BIRTH_RATIO,10030.114082813263,3
NEW_SOURCES_PROD_12,9374.025487661362,3
NEW_SOURCES_PROD_23,23244.582688570023,3
NEW_SOURCES_PROD_13,6286.521007537842,3
NEW_EXT_SOURCES_MEAN,240193.6739192009,3
NEW_SCORES_STD,4878.409121751785,3
NEW_CAR_TO_BIRTH_RATIO,5659.874634027481,3
NEW_PHONE_TO_BIRTH_RATIO,6730.00079536438,3
DEF_TO_OBS_30_RATIO,3158.2940413951874,3
DEF_TO_OBS_60_RATIO,1543.2745456695557,3
NAME_CONTRACT_TYPE_Cash loans,1617.0711410045624,3
NAME_CONTRACT_TYPE_Revolving loans,41.17286968231201,3
NAME_EDUCATION_TYPE_Higher education,6512.405628204346,3
NAME_EDUCATION_TYPE_Incomplete higher,117.23656988143921,3
NAME_EDUCATION_TYPE_Lower secondary,230.586740732193,3
NAME_EDUCATION_TYPE_Secondary / secondary special,3018.2084555625916,3
NAME_INCOME_TYPE_Commercial associate,212.35726881027222,3
NAME_INCOME_TYPE_State servant,827.9042375087738,3
NAME_INCOME_TYPE_Working,1924.8652791976929,3
BURO_DPD_SCORE_MEAN,1355.622324705124,3
BURO_CREDIT_TYPE_Credit card_MEAN,2632.863270998001,3
BURO_CREDIT_TYPE_Consumer credit_MEAN,105.3147702217102,3
BURO_CREDIT_ACTIVE_Active_MEAN,1678.0650482177734,3
BURO_ENDDATE_DIFF_MEAN,4502.0428783893585,3
BURO_ENDDATE_FACT_DIFF_MEAN,3306.176000356674,3
BURO_CREDIT_ACTIVE_Closed_MEAN,3469.8449680805206,3
BURO_AMT_CREDIT_SUM_DEBT_MAX,4723.555193185806,3
BURO_AMT_CREDIT_SUM_DEBT_SUM,5244.236696481705,3
BURO_CREDIT_ACTIVE_Sold_MEAN,189.8988094329834,3
ACTIVE_DPD_SCORE_MEAN,1225.7529699802399,3
ACTIVE_AMT_CREDIT_SUM_MAX,3796.1845943927765,3
ACTIVE_AMT_CREDIT_SUM_MEAN,4532.386431932449,3
ACTIVE_AMT_CREDIT_SUM_SUM,5511.735797166824,3
ACTIVE_AMT_CREDIT_SUM_LIMIT_MEAN,2423.186108827591,3
ACTIVE_AMT_CREDIT_SUM_LIMIT_SUM,1152.918650150299,3
ACTIVE_AMT_CREDIT_MAX_OVERDUE_MEAN,5291.339973688126,3
ACTIVE_ENDDATE_DIFF_MEAN,5180.384346485138,3
ACTIVE_AMT_CREDIT_SUM_DEBT_MEAN,5388.85241484642,3
ACTIVE_AMT_CREDIT_SUM_DEBT_SUM,3316.036680459976,3
ACTIVE_AMT_CREDIT_SUM_OVERDUE_MEAN,1716.3874628543854,3
CLOSED_DPD_SCORE_MEAN,1488.4991791248322,3
CLOSED_AMT_CREDIT_SUM_MAX,3504.253693342209,3
CLOSED_AMT_CREDIT_SUM_MEAN,3881.546270608902,3
CLOSED_AMT_CREDIT_SUM_SUM,4288.1040098667145,3
CLOSED_AMT_CREDIT_SUM_LIMIT_MAX,74.1396906375885,3
CLOSED_AMT_CREDIT_SUM_LIMIT_MEAN,97.44964075088501,3
CLOSED_ENDDATE_FACT_DIFF_MEAN,3614.7933921813965,3
CLOSED_AMT_ANNUITY_MAX,1098.9887013435364,3
CLOSED_AMT_ANNUITY_MEAN,832.8341016769409,3
CLOSED_AMT_CREDIT_MAX_OVERDUE_MEAN,4749.667939186096,3
CLOSED_ENDDATE_DIFF_MEAN,3377.8730647563934,3
CLOSED_AMT_CREDIT_SUM_DEBT_MEAN,355.8470892906189,3
CLOSED_AMT_CREDIT_SUM_DEBT_SUM,143.77381920814514,3
NEW_RATIO_BURO_DPD_SCORE_MEAN,928.4462714195251,3
NEW_RATIO_BURO_AMT_CREDIT_SUM_MAX,2985.398396730423,3
NEW_RATIO_BURO_AMT_CREDIT_SUM_MEAN,3110.407591819763,3
NEW_RATIO_BURO_AMT_CREDIT_SUM_SUM,4936.862350702286,3
NEW_RATIO_BURO_AMT_CREDIT_SUM_LIMIT_MEAN,2018.0933871269226,3
NEW_RATIO_BURO_AMT_CREDIT_SUM_LIMIT_SUM,789.647011756897,3
NEW_RATIO_BURO_AMT_CREDIT_MAX_OVERDUE_MEAN,789.5345392227173,3
NEW_RATIO_BURO_ENDDATE_DIFF_MEAN,3070.1260278224945,3
NEW_RATIO_BURO_AMT_CREDIT_SUM_DEBT_MEAN,3508.177614927292,3
NEW_RATIO_BURO_AMT_CREDIT_SUM_DEBT_SUM,4077.2395253181458,3
BUREAU_SCORE,6199.840612649918,3
PREV_APPR_CASH_AMT_CREDIT_MEAN,1867.5641565322876,3
PREV_APPR_CASH_AMT_CREDIT_SUM,1647.26313996315,3
PREV_APPR_CASH_PRODUCT_COMBINATION_Cash Street: middle_MEAN,80.58330965042114,3
PREV_APPR_CASH_PRODUCT_COMBINATION_Cash X-Sell: low_MEAN,1761.338633298874,3
PREV_APPR_CASH_PRODUCT_COMBINATION_Cash X-Sell: low_SUM,5.19242000579834,3
PREV_APPR_CASH_PRODUCT_COMBINATION_Cash X-Sell: middle_MEAN,716.7127408981323,3
PREV_APPR_CASH_PRODUCT_COMBINATION_Cash X-Sell: middle_SUM,325.61488938331604,3
PREV_APPR_CASH_AMT_ANNUITY_MEAN,2463.8909108638763,3
PREV_APPR_CASH_AMT_ANNUITY_SUM,2854.3282005786896,3
PREV_APPR_CASH_CNT_PAYMENT_MEAN,2916.997484445572,3
PREV_APPR_CASH_CNT_PAYMENT_MAX,1626.8827095031738,3
PREV_APPR_CASH_PRODUCT_COMBINATION_Cash Street: low_MEAN,441.0712835788727,3
PREV_APPR_CASH_PRODUCT_COMBINATION_Cash Street: low_SUM,9.984919548034668,3
PREV_APPR_CASH_RATIO_ANN_TO_APP_MEAN,3290.344489336014,3
PREV_APPR_CASH_PRODUCT_COMBINATION_Cash X-Sell: high_MEAN,1303.8503601551056,3
PREV_APPR_CASH_PRODUCT_COMBINATION_Cash X-Sell: high_SUM,79.4960515499115,3
PREV_APPR_CASH_DAYS_LAST_DUE_1ST_VERSION_DIFF_MEAN,5084.229652404785,3
PREV_APPR_CASH_DAYS_TERMINATION_DIFF_MEAN,3188.145403146744,3
PREV_APPR_CASH_PRODUCT_COMBINATION_Cash Street: high_MEAN,1172.1204195022583,3
PREV_APPR_CASH_PRODUCT_COMBINATION_Cash Street: high_SUM,113.86904859542847,3
PREV_APPR_CASH_DAYS_LAST_DUE_DIFF_MEAN,2326.8923420906067,3
PREV_APPR_CASH_AMT_APPLICATION_MEAN,1125.2857525348663,3
PREV_APPR_CASH_AMT_APPLICATION_SUM,1246.899250984192,3
PREV_APPR_CASH_COUNT,489.19341135025024,3
PREV_APPR_CONSUME_AMT_CREDIT_MEAN,2519.685505628586,3
PREV_APPR_CONSUME_AMT_CREDIT_SUM,2621.1535098552704,3
PREV_APPR_CONSUME_NAME_GOODS_CATEGORY_Photo / Cinema Equipment_MEAN,365.0787217617035,3
PREV_APPR_CONSUME_CNT_PAYMENT_MEAN,1426.6757934093475,3
PREV_APPR_CONSUME_CNT_PAYMENT_MAX,1587.9655847549438,3
PREV_APPR_CONSUME_PRODUCT_COMBINATION_POS mobile with interest_MEAN,760.7612519264221,3
PREV_APPR_CONSUME_NAME_GOODS_CATEGORY_Computers_MEAN,616.6543092727661,3
PREV_APPR_CONSUME_DAYS_TERMINATION_DIFF_MEAN,4126.852947473526,3
PREV_APPR_CONSUME_NAME_GOODS_CATEGORY_Jewelry_MEAN,115.06411051750183,3
PREV_APPR_CONSUME_NAME_GOODS_CATEGORY_Furniture_MEAN,304.42335748672485,3
PREV_APPR_CONSUME_PRODUCT_COMBINATION_POS household without interest_MEAN,437.9999101161957,3
PREV_APPR_CONSUME_RATE_DOWN_PAYMENT_MEAN,4375.685145139694,3
PREV_APPR_CONSUME_RATE_DOWN_PAYMENT_MAX,7080.589991569519,3
PREV_APPR_CONSUME_NAME_GOODS_CATEGORY_Clothing and Accessories_MEAN,286.56001806259155,3
PREV_APPR_CONSUME_NAME_GOODS_CATEGORY_Audio/Video_MEAN,1087.0360269546509,3
PREV_APPR_CONSUME_PRODUCT_COMBINATION_POS industry with interest_MEAN,917.2134509086609,3
PREV_APPR_CONSUME_PRODUCT_COMBINATION_POS industry without interest_MEAN,198.01963114738464,3
PREV_APPR_CONSUME_NAME_GOODS_CATEGORY_Construction Materials_MEAN,154.14881038665771,3
PREV_APPR_CONSUME_NAME_GOODS_CATEGORY_Vehicles_MEAN,84.20112991333008,3
PREV_APPR_CONSUME_PRODUCT_COMBINATION_POS household with interest_MEAN,1342.8550688028336,3
PREV_APPR_CONSUME_NAME_GOODS_CATEGORY_Auto Accessories_MEAN,23.40231943130493,3
PREV_APPR_CONSUME_AMT_ANNUITY_MEAN,4485.6770849227905,3
PREV_APPR_CONSUME_AMT_ANNUITY_SUM,12099.751918315887,3
PREV_APPR_CONSUME_AMT_APPLICATION_MEAN,4282.044760942459,3
PREV_APPR_CONSUME_AMT_APPLICATION_SUM,5132.668724298477,3
PREV_APPR_CONSUME_PRODUCT_COMBINATION_POS mobile without interest_MEAN,331.5406582355499,3
PREV_APPR_CONSUME_NAME_GOODS_CATEGORY_Consumer Electronics_MEAN,937.6525192260742,3
PREV_APPR_CONSUME_NAME_GOODS_CATEGORY_Others_MEAN,98.26216912269592,3
PREV_APPR_CONSUME_RATIO_ANN_TO_APP_MEAN,4229.045809984207,3
PREV_APPR_CONSUME_DAYS_LAST_DUE_1ST_VERSION_DIFF_MEAN,1412.4069447517395,3
PREV_APPR_CONSUME_NAME_GOODS_CATEGORY_Mobile_MEAN,1003.0379114151001,3
PREV_APPR_CONSUME_DAYS_LAST_DUE_DIFF_MEAN,1518.4415638446808,3
PREV_APPR_CONSUME_PRODUCT_COMBINATION_POS other with interest_MEAN,79.43518924713135,3
PREV_APPR_CONSUME_COUNT,463.5893495082855,3
PREV_APPR_REVOLVING_AMT_CREDIT_MEAN,236.2281312942505,3
PREV_APPR_REVOLVING_AMT_CREDIT_SUM,190.1586413383484,3
PREV_APPR_REVOLVING_AMT_ANNUITY_MEAN,544.4740197658539,3
PREV_APPR_REVOLVING_AMT_ANNUITY_SUM,380.66146063804626,3
PREV_APPR_REVOLVING_PRODUCT_COMBINATION_Card X-Sell_MEAN,248.79385900497437,3
PREV_APPR_REVOLVING_DAYS_LAST_DUE_DIFF_MEAN,1232.2368187904358,3
PREV_APPR_REVOLVING_PRODUCT_COMBINATION_Card Street_MEAN,10.49779987335205,3
PREV_REFU_CASH_AMT_CREDIT_MEAN,1250.3864350318909,3
PREV_REFU_CASH_AMT_CREDIT_SUM,743.7768716812134,3
PREV_REFU_CASH_PRODUCT_COMBINATION_Cash X-Sell: low_MEAN,2627.991847515106,3
PREV_REFU_CASH_PRODUCT_COMBINATION_Cash X-Sell: middle_MEAN,258.08567905426025,3
PREV_REFU_CASH_PRODUCT_COMBINATION_Cash Street: low_MEAN,110.98058032989502,3
PREV_REFU_CASH_CNT_PAYMENT_MEAN,3337.443792104721,3
PREV_REFU_CASH_CNT_PAYMENT_MAX,1424.3632671833038,3
PREV_REFU_CASH_RATIO_ANN_TO_APP_MEAN,1489.240574836731,3
PREV_REFU_CASH_PRODUCT_COMBINATION_Cash Street: middle_MEAN,486.8472385406494,3
PREV_REFU_CASH_PRODUCT_COMBINATION_Cash Street: middle_SUM,38.81542921066284,3
PREV_REFU_CASH_AMT_ANNUITY_MEAN,1947.641280412674,3
PREV_REFU_CASH_AMT_ANNUITY_SUM,1120.9635090827942,3
PREV_REFU_CASH_PRODUCT_COMBINATION_Cash Street: high_MEAN,458.5414385795593,3
PREV_REFU_CASH_PRODUCT_COMBINATION_Cash Street: high_SUM,40.104419231414795,3
PREV_REFU_CASH_PRODUCT_COMBINATION_Cash X-Sell: high_MEAN,178.61020016670227,3
PREV_REFU_CASH_PRODUCT_COMBINATION_Cash X-Sell: high_SUM,8.90552043914795,3
PREV_REFU_CASH_AMT_APPLICATION_MEAN,1290.8850264549255,3
PREV_REFU_CASH_AMT_APPLICATION_SUM,811.6054420471191,3
PREV_REFU_CASH_COUNT,192.21248078346252,3
PREV_REFU_CONSUME_AMT_CREDIT_MEAN,480.45870876312256,3
PREV_REFU_CONSUME_AMT_CREDIT_SUM,521.2562613487244,3
PREV_REFU_CONSUME_NAME_GOODS_CATEGORY_Photo / Cinema Equipment_MEAN,99.81605911254883,3
PREV_REFU_CONSUME_CNT_PAYMENT_MEAN,390.110759973526,3
PREV_REFU_CONSUME_CNT_PAYMENT_MAX,248.44446802139282,3
PREV_REFU_CONSUME_PRODUCT_COMBINATION_POS household with interest_MEAN,249.73621201515198,3
PREV_REFU_CONSUME_NAME_GOODS_CATEGORY_XNA_MEAN,47.44209957122803,3
PREV_REFU_CONSUME_PRODUCT_COMBINATION_POS mobile with interest_MEAN,96.88630962371826,3
PREV_REFU_CONSUME_NAME_GOODS_CATEGORY_Computers_MEAN,166.98724961280823,3
PREV_REFU_CONSUME_AMT_ANNUITY_MEAN,807.6155633926392,3
PREV_REFU_CONSUME_AMT_ANNUITY_SUM,556.5952696800232,3
PREV_REFU_CONSUME_RATE_DOWN_PAYMENT_MEAN,1038.8811643123627,3
PREV_REFU_CONSUME_RATE_DOWN_PAYMENT_MAX,797.8997013568878,3
PREV_REFU_CONSUME_PRODUCT_COMBINATION_POS mobile without interest_MEAN,39.22403907775879,3
PREV_REFU_CONSUME_NAME_GOODS_CATEGORY_Consumer Electronics_MEAN,39.883240699768066,3
PREV_REFU_CONSUME_NAME_GOODS_CATEGORY_Audio/Video_MEAN,61.67172026634216,3
PREV_REFU_CONSUME_PRODUCT_COMBINATION_POS industry with interest_MEAN,190.05402851104736,3
PREV_REFU_CONSUME_RATIO_ANN_TO_APP_MEAN,494.2127323150635,3
PREV_REFU_CONSUME_NAME_GOODS_CATEGORY_Mobile_MEAN,58.13226938247681,3
PREV_REFU_CONSUME_AMT_APPLICATION_MEAN,641.1583812236786,3
PREV_REFU_CONSUME_AMT_APPLICATION_SUM,258.78597927093506,3
PREV_REFU_CONSUME_COUNT,409.9920389652252,3
PREV_REFU_REVOLVING_AMT_CREDIT_MEAN,339.0489501953125,3
PREV_REFU_REVOLVING_AMT_CREDIT_SUM,568.2398009300232,3
PREV_REFU_REVOLVING_PRODUCT_COMBINATION_Card X-Sell_MEAN,242.07766938209534,3
PREV_REFU_REVOLVING_PRODUCT_COMBINATION_Card Street_MEAN,24.051799774169922,3
PREV_REFU_REVOLVING_AMT_ANNUITY_MEAN,679.3465356826782,3
PREV_REFU_REVOLVING_AMT_ANNUITY_SUM,808.2689974308014,3
PREV_REFU_REVOLVING_RATIO_ANN_TO_APP_MEAN,442.4119029045105,3
PREV_REFU_REVOLVING_COUNT,303.5710105895996,3
PREV_CASH_SCORE,10371.061517000198,3
PREV_CONSUME_SCORE,5478.132794618607,3
POS_CNT_PREV_ID,1923.6621017456055,3
POS_DPD_RATIO_MAX,369.3668246269226,3
POS_DPD_RATIO_MEAN,477.10181283950806,3
POS_SK_DPD_MAX_MAX,933.9625918865204,3
POS_SK_DPD_MAX_MEAN,8288.239555835724,3
POS_SK_DPD_DEF_MAX_MAX,538.7456381320953,3
POS_SK_DPD_DEF_MAX_MEAN,2041.9577889442444,3
POS_CNT_COMPLETED,628.6174716949463,3
POS_CNT_ACTIVED,631.6090981960297,3
POS_FLAG_UNCOMPLETED,408.4445719718933,3
POS_COUNT,4021.881147623062,3
POS_SCORE,3116.989874124527,3
INSTAL_DBD_MAX,4594.346301078796,3
INSTAL_DBD_MEAN,4888.793902635574,3
INSTAL_DBD_SUM,4051.656720638275,3
INSTAL_AMT_INSTALMENT_MAX,3259.2348489761353,3
INSTAL_AMT_INSTALMENT_MEAN,2342.9921424388885,3
INSTAL_AMT_INSTALMENT_SUM,2944.4872448444366,3
INSTAL_AMT_PAYMENT_MIN,3388.4761114120483,3
INSTAL_AMT_PAYMENT_MAX,3813.5808153152466,3
INSTAL_AMT_PAYMENT_MEAN,2226.3416306972504,3
INSTAL_AMT_PAYMENT_SUM,4294.748089551926,3
INSTAL_PAYMENT_PERC_MEAN,4923.682031154633,3
INSTAL_DPD_MAX,1070.092211008072,3
INSTAL_DPD_MEAN,4050.7969765663147,3
INSTAL_DPD_SUM,829.9763932228088,3
INSTAL_NUM_INSTALMENT_VERSION_NUNIQUE,1488.880383491516,3
INSTAL_COUNT,2866.921465396881,3
INSTAL_DPD_DBD_RATIO,4248.600511789322,3
INSTAL_DPD_DBD_DIFF,4478.858472824097,3
INSTAL_SCORE,5020.401461839676,3
CC_RAW_AMT_TOTAL_RECEIVABLE_MAX,910.5473203659058,3
CC_RAW_AMT_TOTAL_RECEIVABLE_MEAN,1971.9893126487732,3
CC_RAW_AMT_BALANCE_MAX,710.7525517940521,3
CC_RAW_AMT_BALANCE_MEAN,2042.3794527053833,3
CC_RAW_AMT_INST_MIN_REGULARITY_MAX,1132.3631389141083,3
CC_RAW_AMT_PAYMENT_TOTAL_CURRENT_MAX,1784.4293892383575,3
CC_RAW_AMT_PAYMENT_TOTAL_CURRENT_MEAN,720.1473331451416,3
CC_RAW_AMT_DRAWINGS_CURRENT_MAX,810.278974533081,3
CC_RAW_AMT_DRAWINGS_CURRENT_MEAN,6014.4001705646515,3
CC_RAW_AMT_DRAWINGS_CURRENT_SUM,1214.6788618564606,3
CC_RAW_AMT_PAYMENT_MAX_MEAN,1477.9373714923859,3
CC_RAW_AMT_PAYMENT_CURRENT_MEAN,146.63673043251038,3
CC_RM_UNUSE_AMT_TOTAL_RECEIVABLE_MEAN,554.5945990085602,3
CC_RM_UNUSE_AMT_BALANCE_MEAN,264.831431388855,3
CC_RM_UNUSE_AMT_INST_MIN_REGULARITY_MEAN,870.9564182758331,3
CC_RM_UNUSE_AMT_PAYMENT_CURRENT_SUM,3318.109889984131,3
CC_EXCEED_AMT_DRAWINGS_CURRENT_MAX,513.3626351356506,3
CC_EXCEED_AMT_BALANCE_MEAN,1902.0766513347626,3
CC_EXCEED_AMT_PAYMENT_CURRENT_SUM,895.8925294876099,3
CC_COUNT,1338.1039218902588,3
CC_SCORE,3935.1314930915833,3
MIX_CC_BAL_MEAN_TO_INCOME,2042.0865726470947,3
MIX_CC_BAL_MAX_TO_INCOME,750.0404005050659,3
MIX_CC_TOTAL_RECEIVABLE_MEAN_TO_INCOME,1719.5579223632812,3
AMT_ANNUITY,12100.907442092896,4
AMT_CREDIT,4657.139222145081,4
AMT_GOODS_PRICE,6842.174265384674,4
AMT_INCOME_TOTAL,3048.940988779068,4
CODE_GENDER,7763.679596424103,4
DAYS_BIRTH,15154.98609495163,4
DAYS_EMPLOYED,13905.01378440857,4
DAYS_ID_PUBLISH,6324.288492441177,4
DAYS_REGISTRATION,5316.671586513519,4
DEF_30_CNT_SOCIAL_CIRCLE,506.45999002456665,4
DEF_60_CNT_SOCIAL_CIRCLE,110.73735880851746,4
EXT_SOURCE_1,7403.45424079895,4
EXT_SOURCE_2,7721.222341299057,4
EXT_SOURCE_3,12996.035053491592,4
FLAG_OWN_REALTY,204.68475008010864,4
OBS_30_CNT_SOCIAL_CIRCLE,710.1823616027832,4
OBS_60_CNT_SOCIAL_CIRCLE,611.3828754425049,4
OWN_CAR_AGE,5525.066985845566,4
REQ_CNT,373.921049118042,4
NEW_CREDIT_TO_ANNUITY_RATIO,31428.280747413635,4
NEW_CREDIT_TO_GOODS_RATIO,19612.381329774857,4
NEW_CREDIT_TO_INCOME,5469.6849982738495,4
NEW_EMPLOY_TO_BIRTH_RATIO,8456.82598400116,4
NEW_SOURCES_PROD_12,7965.314285993576,4
NEW_SOURCES_PROD_23,20855.364511966705,4
NEW_SOURCES_PROD_13,4812.147295475006,4
NEW_EXT_SOURCES_MEAN,237989.6266310215,4
NEW_SCORES_STD,3293.3388588428497,4
NEW_CAR_TO_BIRTH_RATIO,3785.749477148056,4
NEW_PHONE_TO_BIRTH_RATIO,4824.930530786514,4
DEF_TO_OBS_30_RATIO,3616.053141593933,4
DEF_TO_OBS_60_RATIO,968.1064395904541,4
NAME_CONTRACT_TYPE_Cash loans,1193.3659074306488,4
NAME_CONTRACT_TYPE_Revolving loans,89.9951982498169,4
NAME_EDUCATION_TYPE_Higher education,6290.599472045898,4
NAME_EDUCATION_TYPE_Incomplete higher,53.82929015159607,4
NAME_EDUCATION_TYPE_Lower secondary,123.43233919143677,4
NAME_EDUCATION_TYPE_Secondary / secondary special,2155.2970724105835,4
NAME_INCOME_TYPE_Commercial associate,180.48035144805908,4
NAME_INCOME_TYPE_State servant,736.6451075077057,4
NAME_INCOME_TYPE_Working,1626.5540256500244,4
BURO_DPD_SCORE_MEAN,1492.6060843467712,4
BURO_CREDIT_TYPE_Credit card_MEAN,1866.4991040229797,4
BURO_CREDIT_TYPE_Consumer credit_MEAN,203.8413209915161,4
BURO_CREDIT_ACTIVE_Active_MEAN,1045.646943807602,4
BURO_ENDDATE_DIFF_MEAN,3343.3758335113525,4
BURO_ENDDATE_FACT_DIFF_MEAN,2484.9556937217712,4
BURO_CREDIT_ACTIVE_Closed_MEAN,3336.2012763023376,4
BURO_AMT_CREDIT_SUM_DEBT_MAX,3121.155088186264,4
BURO_AMT_CREDIT_SUM_DEBT_SUM,3895.0606384277344,4
BURO_CREDIT_ACTIVE_Sold_MEAN,211.99344968795776,4
ACTIVE_DPD_SCORE_MEAN,834.9965708255768,4
ACTIVE_AMT_CREDIT_SUM_MAX,2497.2956306934357,4
ACTIVE_AMT_CREDIT_SUM_MEAN,3902.1387615203857,4
ACTIVE_AMT_CREDIT_SUM_SUM,4563.946663618088,4
ACTIVE_AMT_CREDIT_SUM_LIMIT_MEAN,1995.843879699707,4
ACTIVE_AMT_CREDIT_SUM_LIMIT_SUM,1113.4215853214264,4
ACTIVE_AMT_CREDIT_MAX_OVERDUE_MEAN,3488.8072826862335,4
ACTIVE_ENDDATE_DIFF_MEAN,3979.412324666977,4
ACTIVE_AMT_CREDIT_SUM_DEBT_MEAN,4781.877152442932,4
ACTIVE_AMT_CREDIT_SUM_DEBT_SUM,2205.4925191402435,4
ACTIVE_AMT_CREDIT_SUM_OVERDUE_MEAN,1600.5749099254608,4
CLOSED_DPD_SCORE_MEAN,1001.959258556366,4
CLOSED_AMT_CREDIT_SUM_MAX,2554.206992149353,4
CLOSED_AMT_CREDIT_SUM_MEAN,3595.3461587429047,4
CLOSED_AMT_CREDIT_SUM_SUM,4688.343254804611,4
CLOSED_AMT_CREDIT_SUM_LIMIT_MAX,135.87880849838257,4
CLOSED_AMT_CREDIT_SUM_LIMIT_MEAN,123.96007919311523,4
CLOSED_ENDDATE_FACT_DIFF_MEAN,1984.247972726822,4
CLOSED_AMT_ANNUITY_MAX,590.9707188606262,4
CLOSED_AMT_ANNUITY_MEAN,597.0579690933228,4
CLOSED_AMT_CREDIT_MAX_OVERDUE_MEAN,3294.111008644104,4
CLOSED_ENDDATE_DIFF_MEAN,2329.685771226883,4
CLOSED_AMT_CREDIT_SUM_DEBT_MEAN,237.61614871025085,4
CLOSED_AMT_CREDIT_SUM_DEBT_SUM,214.87941098213196,4
NEW_RATIO_BURO_DPD_SCORE_MEAN,739.8462073802948,4
NEW_RATIO_BURO_AMT_CREDIT_SUM_MAX,1795.7129127979279,4
NEW_RATIO_BURO_AMT_CREDIT_SUM_MEAN,2375.8855946063995,4
NEW_RATIO_BURO_AMT_CREDIT_SUM_SUM,4405.02480006218,4
NEW_RATIO_BURO_AMT_CREDIT_SUM_LIMIT_MEAN,1998.0937032699585,4
NEW_RATIO_BURO_AMT_CREDIT_SUM_LIMIT_SUM,433.3529725074768,4
NEW_RATIO_BURO_AMT_CREDIT_MAX_OVERDUE_MEAN,869.6094889640808,4
NEW_RATIO_BURO_ENDDATE_DIFF_MEAN,2742.5032119750977,4
NEW_RATIO_BURO_AMT_CREDIT_SUM_DEBT_MEAN,2909.286517381668,4
NEW_RATIO_BURO_AMT_CREDIT_SUM_DEBT_SUM,2964.258597612381,4
BUREAU_SCORE,4116.610304474831,4
PREV_APPR_CASH_AMT_CREDIT_MEAN,765.2777769565582,4
PREV_APPR_CASH_AMT_CREDIT_SUM,976.7235109806061,4
PREV_APPR_CASH_PRODUCT_COMBINATION_Cash Street: middle_MEAN,97.52965068817139,4
PREV_APPR_CASH_PRODUCT_COMBINATION_Cash X-Sell: low_MEAN,1466.9396123886108,4
PREV_APPR_CASH_PRODUCT_COMBINATION_Cash X-Sell: low_SUM,32.27298974990845,4
PREV_APPR_CASH_PRODUCT_COMBINATION_Cash X-Sell: middle_MEAN,570.8899221420288,4
PREV_APPR_CASH_PRODUCT_COMBINATION_Cash X-Sell: middle_SUM,261.77569103240967,4
PREV_APPR_CASH_AMT_ANNUITY_MEAN,2313.2588744163513,4
PREV_APPR_CASH_AMT_ANNUITY_SUM,2296.3956282138824,4
PREV_APPR_CASH_CNT_PAYMENT_MEAN,2413.563482284546,4
PREV_APPR_CASH_CNT_PAYMENT_MAX,1785.8601353168488,4
PREV_APPR_CASH_PRODUCT_COMBINATION_Cash Street: low_MEAN,783.6570537090302,4
PREV_APPR_CASH_PRODUCT_COMBINATION_Cash Street: low_SUM,8.15011978149414,4
PREV_APPR_CASH_RATIO_ANN_TO_APP_MEAN,2305.170535326004,4
PREV_APPR_CASH_PRODUCT_COMBINATION_Cash X-Sell: high_MEAN,974.6411952972412,4
PREV_APPR_CASH_PRODUCT_COMBINATION_Cash X-Sell: high_SUM,83.96208047866821,4
PREV_APPR_CASH_DAYS_LAST_DUE_1ST_VERSION_DIFF_MEAN,5911.2611565589905,4
PREV_APPR_CASH_DAYS_TERMINATION_DIFF_MEAN,2680.0479979515076,4
PREV_APPR_CASH_PRODUCT_COMBINATION_Cash Street: high_MEAN,714.2154536247253,4
PREV_APPR_CASH_PRODUCT_COMBINATION_Cash Street: high_SUM,88.97283172607422,4
PREV_APPR_CASH_DAYS_LAST_DUE_DIFF_MEAN,1678.5016412734985,4
PREV_APPR_CASH_AMT_APPLICATION_MEAN,714.8039698600769,4
PREV_APPR_CASH_AMT_APPLICATION_SUM,1196.4282748699188,4
PREV_APPR_CASH_COUNT,377.9977197647095,4
PREV_APPR_CONSUME_AMT_CREDIT_MEAN,1775.8640396595001,4
PREV_APPR_CONSUME_AMT_CREDIT_SUM,1668.4026942253113,4
PREV_APPR_CONSUME_NAME_GOODS_CATEGORY_Photo / Cinema Equipment_MEAN,144.7647716999054,4
PREV_APPR_CONSUME_CNT_PAYMENT_MEAN,1443.7742066383362,4
PREV_APPR_CONSUME_CNT_PAYMENT_MAX,1260.9933171272278,4
PREV_APPR_CONSUME_PRODUCT_COMBINATION_POS mobile with interest_MEAN,681.8284180164337,4
PREV_APPR_CONSUME_NAME_GOODS_CATEGORY_Computers_MEAN,573.9845499992371,4
PREV_APPR_CONSUME_DAYS_TERMINATION_DIFF_MEAN,3159.6982555389404,4
PREV_APPR_CONSUME_NAME_GOODS_CATEGORY_Jewelry_MEAN,106.02048969268799,4
PREV_APPR_CONSUME_NAME_GOODS_CATEGORY_Furniture_MEAN,360.07052850723267,4
PREV_APPR_CONSUME_PRODUCT_COMBINATION_POS household without interest_MEAN,558.773862361908,4
PREV_APPR_CONSUME_RATE_DOWN_PAYMENT_MEAN,2909.224802017212,4
PREV_APPR_CONSUME_RATE_DOWN_PAYMENT_MAX,5720.774142026901,4
PREV_APPR_CONSUME_NAME_GOODS_CATEGORY_Clothing and Accessories_MEAN,215.04282236099243,4
PREV_APPR_CONSUME_NAME_GOODS_CATEGORY_Audio/Video_MEAN,748.5171887874603,4
PREV_APPR_CONSUME_PRODUCT_COMBINATION_POS industry with interest_MEAN,719.5861964225769,4
PREV_APPR_CONSUME_PRODUCT_COMBINATION_POS industry without interest_MEAN,159.44914937019348,4
PREV_APPR_CONSUME_NAME_GOODS_CATEGORY_Construction Materials_MEAN,43.94663047790527,4
PREV_APPR_CONSUME_NAME_GOODS_CATEGORY_Vehicles_MEAN,86.33032011985779,4
PREV_APPR_CONSUME_PRODUCT_COMBINATION_POS household with interest_MEAN,1523.2175092697144,4
PREV_APPR_CONSUME_NAME_GOODS_CATEGORY_Auto Accessories_MEAN,0.0,4
PREV_APPR_CONSUME_AMT_ANNUITY_MEAN,3822.1757826805115,4
PREV_APPR_CONSUME_AMT_ANNUITY_SUM,10997.320301294327,4
PREV_APPR_CONSUME_AMT_APPLICATION_MEAN,3266.3458404541016,4
PREV_APPR_CONSUME_AMT_APPLICATION_SUM,5016.952482461929,4
PREV_APPR_CONSUME_PRODUCT_COMBINATION_POS mobile without interest_MEAN,132.61084079742432,4
PREV_APPR_CONSUME_NAME_GOODS_CATEGORY_Consumer Electronics_MEAN,476.1494607925415,4
PREV_APPR_CONSUME_NAME_GOODS_CATEGORY_Others_MEAN,33.59456968307495,4
PREV_APPR_CONSUME_RATIO_ANN_TO_APP_MEAN,3048.1584622859955,4
PREV_APPR_CONSUME_DAYS_LAST_DUE_1ST_VERSION_DIFF_MEAN,1570.18252658844,4
PREV_APPR_CONSUME_NAME_GOODS_CATEGORY_Mobile_MEAN,789.5269765853882,4
PREV_APPR_CONSUME_DAYS_LAST_DUE_DIFF_MEAN,1201.989891052246,4
PREV_APPR_CONSUME_PRODUCT_COMBINATION_POS other with interest_MEAN,31.44809913635254,4
PREV_APPR_CONSUME_COUNT,386.4885325431824,4
PREV_APPR_REVOLVING_AMT_CREDIT_MEAN,253.82365131378174,4
PREV_APPR_REVOLVING_AMT_CREDIT_SUM,250.98073053359985,4
PREV_APPR_REVOLVING_AMT_ANNUITY_MEAN,459.1065902709961,4
PREV_APPR_REVOLVING_AMT_ANNUITY_SUM,388.7746889591217,4
PREV_APPR_REVOLVING_PRODUCT_COMBINATION_Card X-Sell_MEAN,238.10751080513,4
PREV_APPR_REVOLVING_DAYS_LAST_DUE_DIFF_MEAN,1203.9597113132477,4
PREV_APPR_REVOLVING_PRODUCT_COMBINATION_Card Street_MEAN,0.0,4
PREV_REFU_CASH_AMT_CREDIT_MEAN,805.8790013790131,4
PREV_REFU_CASH_AMT_CREDIT_SUM,621.7885990142822,4
PREV_REFU_CASH_PRODUCT_COMBINATION_Cash X-Sell: low_MEAN,2580.742299079895,4
PREV_REFU_CASH_PRODUCT_COMBINATION_Cash X-Sell: middle_MEAN,218.10125875473022,4
PREV_REFU_CASH_PRODUCT_COMBINATION_Cash Street: low_MEAN,242.80038785934448,4
PREV_REFU_CASH_CNT_PAYMENT_MEAN,3490.18923330307,4
PREV_REFU_CASH_CNT_PAYMENT_MAX,601.1307644844055,4
PREV_REFU_CASH_RATIO_ANN_TO_APP_MEAN,993.7852215766907,4
PREV_REFU_CASH_PRODUCT_COMBINATION_Cash Street: middle_MEAN,682.9119365215302,4
PREV_REFU_CASH_PRODUCT_COMBINATION_Cash Street: middle_SUM,9.867569923400879,4
PREV_REFU_CASH_AMT_ANNUITY_MEAN,1620.8962817192078,4
PREV_REFU_CASH_AMT_ANNUITY_SUM,898.2397747039795,4
PREV_REFU_CASH_PRODUCT_COMBINATION_Cash Street: high_MEAN,234.04501914978027,4
PREV_REFU_CASH_PRODUCT_COMBINATION_Cash Street: high_SUM,27.449739933013916,4
PREV_REFU_CASH_PRODUCT_COMBINATION_Cash X-Sell: high_MEAN,289.20101022720337,4
PREV_REFU_CASH_PRODUCT_COMBINATION_Cash X-Sell: high_SUM,7.496870040893555,4
PREV_REFU_CASH_AMT_APPLICATION_MEAN,884.266056060791,4
PREV_REFU_CASH_AMT_APPLICATION_SUM,524.1111891269684,4
PREV_REFU_CASH_COUNT,120.2862799167633,4
PREV_REFU_CONSUME_AMT_CREDIT_MEAN,448.4293510913849,4
PREV_REFU_CONSUME_AMT_CREDIT_SUM,479.61444997787476,4
PREV_REFU_CONSUME_NAME_GOODS_CATEGORY_Photo / Cinema Equipment_MEAN,82.05714058876038,4
PREV_REFU_CONSUME_CNT_PAYMENT_MEAN,366.126238822937,4
PREV_REFU_CONSUME_CNT_PAYMENT_MAX,203.584557056427,4
PREV_REFU_CONSUME_PRODUCT_COMBINATION_POS household with interest_MEAN,150.29305005073547,4
PREV_REFU_CONSUME_NAME_GOODS_CATEGORY_XNA_MEAN,31.711080074310303,4
PREV_REFU_CONSUME_PRODUCT_COMBINATION_POS mobile with interest_MEAN,112.14243125915527,4
PREV_REFU_CONSUME_NAME_GOODS_CATEGORY_Computers_MEAN,85.73686027526855,4
PREV_REFU_CONSUME_AMT_ANNUITY_MEAN,771.925618648529,4
PREV_REFU_CONSUME_AMT_ANNUITY_SUM,632.852888584137,4
PREV_REFU_CONSUME_RATE_DOWN_PAYMENT_MEAN,595.0999510288239,4
PREV_REFU_CONSUME_RATE_DOWN_PAYMENT_MAX,804.1933941841125,4
PREV_REFU_CONSUME_PRODUCT_COMBINATION_POS mobile without interest_MEAN,14.199650287628174,4
PREV_REFU_CONSUME_NAME_GOODS_CATEGORY_Consumer Electronics_MEAN,68.28861951828003,4
PREV_REFU_CONSUME_NAME_GOODS_CATEGORY_Audio/Video_MEAN,9.888529777526855,4
PREV_REFU_CONSUME_PRODUCT_COMBINATION_POS industry with interest_MEAN,112.99994039535522,4
PREV_REFU_CONSUME_RATIO_ANN_TO_APP_MEAN,432.69732999801636,4
PREV_REFU_CONSUME_NAME_GOODS_CATEGORY_Mobile_MEAN,101.83548069000244,4
PREV_REFU_CONSUME_AMT_APPLICATION_MEAN,499.0335998535156,4
PREV_REFU_CONSUME_AMT_APPLICATION_SUM,424.21682143211365,4
PREV_REFU_CONSUME_COUNT,247.54641938209534,4
PREV_REFU_REVOLVING_AMT_CREDIT_MEAN,518.985565662384,4
PREV_REFU_REVOLVING_AMT_CREDIT_SUM,459.79360127449036,4
PREV_REFU_REVOLVING_PRODUCT_COMBINATION_Card X-Sell_MEAN,81.1705904006958,4
PREV_REFU_REVOLVING_PRODUCT_COMBINATION_Card Street_MEAN,23.93939971923828,4
PREV_REFU_REVOLVING_AMT_ANNUITY_MEAN,1039.7280690670013,4
PREV_REFU_REVOLVING_AMT_ANNUITY_SUM,693.398886680603,4
PREV_REFU_REVOLVING_RATIO_ANN_TO_APP_MEAN,575.4261493682861,4
PREV_REFU_REVOLVING_COUNT,217.4073028564453,4
PREV_CASH_SCORE,10358.417405366898,4
PREV_CONSUME_SCORE,4212.020122528076,4
POS_CNT_PREV_ID,1241.5754752159119,4
POS_DPD_RATIO_MAX,389.8725833892822,4
POS_DPD_RATIO_MEAN,434.16906690597534,4
POS_SK_DPD_MAX_MAX,492.160879611969,4
POS_SK_DPD_MAX_MEAN,6586.182129144669,4
POS_SK_DPD_DEF_MAX_MAX,603.1826322078705,4
POS_SK_DPD_DEF_MAX_MEAN,2719.619688987732,4
POS_CNT_COMPLETED,724.5477952957153,4
POS_CNT_ACTIVED,536.0497040748596,4
POS_FLAG_UNCOMPLETED,505.501925945282,4
POS_COUNT,2853.536679983139,4
POS_SCORE,2311.3161444664,4
INSTAL_DBD_MAX,3321.3044967651367,4
INSTAL_DBD_MEAN,3964.4286506175995,4
INSTAL_DBD_SUM,3309.230560064316,4
INSTAL_AMT_INSTALMENT_MAX,2846.179996728897,4
INSTAL_AMT_INSTALMENT_MEAN,2034.040760755539,4
INSTAL_AMT_INSTALMENT_SUM,2428.034905433655,4
INSTAL_AMT_PAYMENT_MIN,2761.2509019374847,4
INSTAL_AMT_PAYMENT_MAX,3280.318039417267,4
INSTAL_AMT_PAYMENT_MEAN,1777.9165441989899,4
INSTAL_AMT_PAYMENT_SUM,3204.3438758850098,4
INSTAL_PAYMENT_PERC_MEAN,3724.0157873630524,4
INSTAL_DPD_MAX,979.6965305805206,4
INSTAL_DPD_MEAN,2939.763545036316,4
INSTAL_DPD_SUM,733.8413600921631,4
INSTAL_NUM_INSTALMENT_VERSION_NUNIQUE,1218.615570783615,4
INSTAL_COUNT,2287.0621104240417,4
INSTAL_DPD_DBD_RATIO,4743.847075462341,4
INSTAL_DPD_DBD_DIFF,4200.902701377869,4
INSTAL_SCORE,4516.88237118721,4
CC_RAW_AMT_TOTAL_RECEIVABLE_MAX,754.9062607288361,4
CC_RAW_AMT_TOTAL_RECEIVABLE_MEAN,1183.2289872169495,4
CC_RAW_AMT_BALANCE_MAX,637.3625347614288,4
CC_RAW_AMT_BALANCE_MEAN,2208.5446944236755,4
CC_RAW_AMT_INST_MIN_REGULARITY_MAX,586.2796769142151,4
CC_RAW_AMT_PAYMENT_TOTAL_CURRENT_MAX,1558.5612053871155,4
CC_RAW_AMT_PAYMENT_TOTAL_CURRENT_MEAN,772.690507888794,4
CC_RAW_AMT_DRAWINGS_CURRENT_MAX,491.68771409988403,4
CC_RAW_AMT_DRAWINGS_CURRENT_MEAN,5670.555285215378,4
CC_RAW_AMT_DRAWINGS_CURRENT_SUM,874.208993434906,4
CC_RAW_AMT_PAYMENT_MAX_MEAN,928.127810716629,4
CC_RAW_AMT_PAYMENT_CURRENT_MEAN,54.38892984390259,4
CC_RM_UNUSE_AMT_TOTAL_RECEIVABLE_MEAN,1087.6128771305084,4
CC_RM_UNUSE_AMT_BALANCE_MEAN,143.34374809265137,4
CC_RM_UNUSE_AMT_INST_MIN_REGULARITY_MEAN,529.0254697799683,4
CC_RM_UNUSE_AMT_PAYMENT_CURRENT_SUM,3545.860873937607,4
CC_EXCEED_AMT_DRAWINGS_CURRENT_MAX,448.0518584251404,4
CC_EXCEED_AMT_BALANCE_MEAN,1525.0639173984528,4
CC_EXCEED_AMT_PAYMENT_CURRENT_SUM,1153.491021156311,4
CC_COUNT,1126.9677548408508,4
CC_SCORE,2545.155061006546,4
MIX_CC_BAL_MEAN_TO_INCOME,1944.0702924728394,4
MIX_CC_BAL_MAX_TO_INCOME,1225.4704403877258,4
MIX_CC_TOTAL_RECEIVABLE_MEAN_TO_INCOME,820.2675619125366,4
AMT_ANNUITY,12269.130056381226,5
AMT_CREDIT,3979.6589465141296,5
AMT_GOODS_PRICE,7166.747583866119,5
AMT_INCOME_TOTAL,3407.765801668167,5
CODE_GENDER,7077.9466547966,5
DAYS_BIRTH,14555.267343997955,5
DAYS_EMPLOYED,15294.37698340416,5
DAYS_ID_PUBLISH,6712.559007644653,5
DAYS_REGISTRATION,5291.333253145218,5
DEF_30_CNT_SOCIAL_CIRCLE,290.4259309768677,5
DEF_60_CNT_SOCIAL_CIRCLE,179.77500915527344,5
EXT_SOURCE_1,8561.982248306274,5
EXT_SOURCE_2,8375.939573049545,5
EXT_SOURCE_3,13315.91084098816,5
FLAG_OWN_REALTY,120.69303178787231,5
OBS_30_CNT_SOCIAL_CIRCLE,637.513430595398,5
OBS_60_CNT_SOCIAL_CIRCLE,502.4838795661926,5
OWN_CAR_AGE,6411.865579128265,5
REQ_CNT,657.2116434574127,5
NEW_CREDIT_TO_ANNUITY_RATIO,28966.17839026451,5
NEW_CREDIT_TO_GOODS_RATIO,20653.749791383743,5
NEW_CREDIT_TO_INCOME,5990.6244513988495,5
NEW_EMPLOY_TO_BIRTH_RATIO,7970.02591085434,5
NEW_SOURCES_PROD_12,7686.646274805069,5
NEW_SOURCES_PROD_23,24539.646142959595,5
NEW_SOURCES_PROD_13,5010.138420581818,5
NEW_EXT_SOURCES_MEAN,238268.26065397263,5
NEW_SCORES_STD,4321.971056699753,5
NEW_CAR_TO_BIRTH_RATIO,4414.882470607758,5
NEW_PHONE_TO_BIRTH_RATIO,6067.665798187256,5
DEF_TO_OBS_30_RATIO,2718.6866624355316,5
DEF_TO_OBS_60_RATIO,1389.2252876758575,5
NAME_CONTRACT_TYPE_Cash loans,1595.6904497146606,5
NAME_CONTRACT_TYPE_Revolving loans,83.34570121765137,5
NAME_EDUCATION_TYPE_Higher education,5558.229825973511,5
NAME_EDUCATION_TYPE_Incomplete higher,128.99314045906067,5
NAME_EDUCATION_TYPE_Lower secondary,263.4353880882263,5
NAME_EDUCATION_TYPE_Secondary / secondary special,2909.4112524986267,5
NAME_INCOME_TYPE_Commercial associate,205.74135875701904,5
NAME_INCOME_TYPE_State servant,971.53142619133,5
NAME_INCOME_TYPE_Working,2343.5447540283203,5
BURO_DPD_SCORE_MEAN,1667.2375102043152,5
BURO_CREDIT_TYPE_Credit card_MEAN,2378.668596982956,5
BURO_CREDIT_TYPE_Consumer credit_MEAN,193.0989990234375,5
BURO_CREDIT_ACTIVE_Active_MEAN,1163.2548427581787,5
BURO_ENDDATE_DIFF_MEAN,3760.7037394046783,5
BURO_ENDDATE_FACT_DIFF_MEAN,3212.7063744068146,5
BURO_CREDIT_ACTIVE_Closed_MEAN,3055.377809047699,5
BURO_AMT_CREDIT_SUM_DEBT_MAX,3213.002789735794,5
BURO_AMT_CREDIT_SUM_DEBT_SUM,4422.016711473465,5
BURO_CREDIT_ACTIVE_Sold_MEAN,233.8923397064209,5
ACTIVE_DPD_SCORE_MEAN,863.0604083538055,5
ACTIVE_AMT_CREDIT_SUM_MAX,3867.8730981349945,5
ACTIVE_AMT_CREDIT_SUM_MEAN,4550.380239486694,5
ACTIVE_AMT_CREDIT_SUM_SUM,4063.1767575740814,5
ACTIVE_AMT_CREDIT_SUM_LIMIT_MEAN,3237.1846692562103,5
ACTIVE_AMT_CREDIT_SUM_LIMIT_SUM,1222.1983354091644,5
ACTIVE_AMT_CREDIT_MAX_OVERDUE_MEAN,4723.2560222148895,5
ACTIVE_ENDDATE_DIFF_MEAN,4602.7271094322205,5
ACTIVE_AMT_CREDIT_SUM_DEBT_MEAN,5262.51322722435,5
ACTIVE_AMT_CREDIT_SUM_DEBT_SUM,3340.7005472183228,5
ACTIVE_AMT_CREDIT_SUM_OVERDUE_MEAN,1704.099828004837,5
CLOSED_DPD_SCORE_MEAN,1528.5683574676514,5
CLOSED_AMT_CREDIT_SUM_MAX,2538.9920513629913,5
CLOSED_AMT_CREDIT_SUM_MEAN,3914.386712551117,5
CLOSED_AMT_CREDIT_SUM_SUM,3863.9384508132935,5
CLOSED_AMT_CREDIT_SUM_LIMIT_MAX,94.96489953994751,5
CLOSED_AMT_CREDIT_SUM_LIMIT_MEAN,57.19470000267029,5
CLOSED_ENDDATE_FACT_DIFF_MEAN,2286.8235206604004,5
CLOSED_AMT_ANNUITY_MAX,871.4417479038239,5
CLOSED_AMT_ANNUITY_MEAN,672.1839711666107,5
CLOSED_AMT_CREDIT_MAX_OVERDUE_MEAN,4171.854463815689,5
CLOSED_ENDDATE_DIFF_MEAN,2556.0279128551483,5
CLOSED_AMT_CREDIT_SUM_DEBT_MEAN,91.20842003822327,5
CLOSED_AMT_CREDIT_SUM_DEBT_SUM,222.24034023284912,5
NEW_RATIO_BURO_DPD_SCORE_MEAN,902.5046682357788,5
NEW_RATIO_BURO_AMT_CREDIT_SUM_MAX,2353.883436203003,5
NEW_RATIO_BURO_AMT_CREDIT_SUM_MEAN,2438.27920293808,5
NEW_RATIO_BURO_AMT_CREDIT_SUM_SUM,3822.6216650009155,5
NEW_RATIO_BURO_AMT_CREDIT_SUM_LIMIT_MEAN,1533.8052706718445,5
NEW_RATIO_BURO_AMT_CREDIT_SUM_LIMIT_SUM,769.7290370464325,5
NEW_RATIO_BURO_AMT_CREDIT_MAX_OVERDUE_MEAN,896.5283877849579,5
NEW_RATIO_BURO_ENDDATE_DIFF_MEAN,2870.561460018158,5
NEW_RATIO_BURO_AMT_CREDIT_SUM_DEBT_MEAN,3619.386024951935,5
NEW_RATIO_BURO_AMT_CREDIT_SUM_DEBT_SUM,3139.5268602371216,5
BUREAU_SCORE,4759.088382959366,5
PREV_APPR_CASH_AMT_CREDIT_MEAN,1216.1950800418854,5
PREV_APPR_CASH_AMT_CREDIT_SUM,1602.0818977355957,5
PREV_APPR_CASH_PRODUCT_COMBINATION_Cash Street: middle_MEAN,90.93406963348389,5
PREV_APPR_CASH_PRODUCT_COMBINATION_Cash X-Sell: low_MEAN,1458.6343803405762,5
PREV_APPR_CASH_PRODUCT_COMBINATION_Cash X-Sell: low_SUM,192.92960000038147,5
PREV_APPR_CASH_PRODUCT_COMBINATION_Cash X-Sell: middle_MEAN,550.47350025177,5
PREV_APPR_CASH_PRODUCT_COMBINATION_Cash X-Sell: middle_SUM,287.3305974006653,5
PREV_APPR_CASH_AMT_ANNUITY_MEAN,2637.1508951187134,5
PREV_APPR_CASH_AMT_ANNUITY_SUM,2363.1953806877136,5
PREV_APPR_CASH_CNT_PAYMENT_MEAN,1688.283237695694,5
PREV_APPR_CASH_CNT_PAYMENT_MAX,1758.4041435718536,5
PREV_APPR_CASH_PRODUCT_COMBINATION_Cash Street: low_MEAN,488.0194010734558,5
PREV_APPR_CASH_PRODUCT_COMBINATION_Cash Street: low_SUM,9.687009811401367,5
PREV_APPR_CASH_RATIO_ANN_TO_APP_MEAN,2469.75546503067,5
PREV_APPR_CASH_PRODUCT_COMBINATION_Cash X-Sell: high_MEAN,1116.1951019763947,5
PREV_APPR_CASH_PRODUCT_COMBINATION_Cash X-Sell: high_SUM,150.23837018013,5
PREV_APPR_CASH_DAYS_LAST_DUE_1ST_VERSION_DIFF_MEAN,5508.920365571976,5
PREV_APPR_CASH_DAYS_TERMINATION_DIFF_MEAN,3015.2618477344513,5
PREV_APPR_CASH_PRODUCT_COMBINATION_Cash Street: high_MEAN,587.6825387477875,5
PREV_APPR_CASH_PRODUCT_COMBINATION_Cash Street: high_SUM,77.1527202129364,5
PREV_APPR_CASH_DAYS_LAST_DUE_DIFF_MEAN,2118.73969745636,5
PREV_APPR_CASH_AMT_APPLICATION_MEAN,1022.5459752082825,5
PREV_APPR_CASH_AMT_APPLICATION_SUM,1030.0765697956085,5
PREV_APPR_CASH_COUNT,347.58657026290894,5
PREV_APPR_CONSUME_AMT_CREDIT_MEAN,2266.6955828666687,5
PREV_APPR_CONSUME_AMT_CREDIT_SUM,2368.2306611537933,5
PREV_APPR_CONSUME_NAME_GOODS_CATEGORY_Photo / Cinema Equipment_MEAN,241.44301962852478,5
PREV_APPR_CONSUME_CNT_PAYMENT_MEAN,1959.7572469711304,5
PREV_APPR_CONSUME_CNT_PAYMENT_MAX,1321.5340070724487,5
PREV_APPR_CONSUME_PRODUCT_COMBINATION_POS mobile with interest_MEAN,521.8094191551208,5
PREV_APPR_CONSUME_NAME_GOODS_CATEGORY_Computers_MEAN,410.6080894470215,5
PREV_APPR_CONSUME_DAYS_TERMINATION_DIFF_MEAN,4163.5301394462585,5
PREV_APPR_CONSUME_NAME_GOODS_CATEGORY_Jewelry_MEAN,130.0710108280182,5
PREV_APPR_CONSUME_NAME_GOODS_CATEGORY_Furniture_MEAN,390.35555028915405,5
PREV_APPR_CONSUME_PRODUCT_COMBINATION_POS household without interest_MEAN,400.49738073349,5
PREV_APPR_CONSUME_RATE_DOWN_PAYMENT_MEAN,3223.8687279224396,5
PREV_APPR_CONSUME_RATE_DOWN_PAYMENT_MAX,6269.391163825989,5
PREV_APPR_CONSUME_NAME_GOODS_CATEGORY_Clothing and Accessories_MEAN,253.0895607471466,5
PREV_APPR_CONSUME_NAME_GOODS_CATEGORY_Audio/Video_MEAN,1031.5378909111023,5
PREV_APPR_CONSUME_PRODUCT_COMBINATION_POS industry with interest_MEAN,586.2585225105286,5
PREV_APPR_CONSUME_PRODUCT_COMBINATION_POS industry without interest_MEAN,189.7320590019226,5
PREV_APPR_CONSUME_NAME_GOODS_CATEGORY_Construction Materials_MEAN,173.43165922164917,5
PREV_APPR_CONSUME_NAME_GOODS_CATEGORY_Vehicles_MEAN,13.522949695587158,5
PREV_APPR_CONSUME_PRODUCT_COMBINATION_POS household with interest_MEAN,1289.8734555244446,5
PREV_APPR_CONSUME_NAME_GOODS_CATEGORY_Auto Accessories_MEAN,38.33243942260742,5
PREV_APPR_CONSUME_AMT_ANNUITY_MEAN,4465.048436880112,5
PREV_APPR_CONSUME_AMT_ANNUITY_SUM,11420.470970153809,5
PREV_APPR_CONSUME_AMT_APPLICATION_MEAN,3139.21750497818,5
PREV_APPR_CONSUME_AMT_APPLICATION_SUM,5307.863847255707,5
PREV_APPR_CONSUME_PRODUCT_COMBINATION_POS mobile without interest_MEAN,258.90182971954346,5
PREV_APPR_CONSUME_NAME_GOODS_CATEGORY_Consumer Electronics_MEAN,748.0898909568787,5
PREV_APPR_CONSUME_NAME_GOODS_CATEGORY_Others_MEAN,100.81685018539429,5
PREV_APPR_CONSUME_RATIO_ANN_TO_APP_MEAN,3493.5863943099976,5
PREV_APPR_CONSUME_DAYS_LAST_DUE_1ST_VERSION_DIFF_MEAN,1545.4999685287476,5
PREV_APPR_CONSUME_NAME_GOODS_CATEGORY_Mobile_MEAN,894.5127458572388,5
PREV_APPR_CONSUME_DAYS_LAST_DUE_DIFF_MEAN,1381.797640800476,5
PREV_APPR_CONSUME_PRODUCT_COMBINATION_POS other with interest_MEAN,131.18071866035461,5
PREV_APPR_CONSUME_COUNT,519.8771996498108,5
PREV_APPR_REVOLVING_AMT_CREDIT_MEAN,264.1619162559509,5
PREV_APPR_REVOLVING_AMT_CREDIT_SUM,338.71958112716675,5
PREV_APPR_REVOLVING_AMT_ANNUITY_MEAN,449.3948380947113,5
PREV_APPR_REVOLVING_AMT_ANNUITY_SUM,390.049688577652,5
PREV_APPR_REVOLVING_PRODUCT_COMBINATION_Card X-Sell_MEAN,239.13969039916992,5
PREV_APPR_REVOLVING_DAYS_LAST_DUE_DIFF_MEAN,1107.9045808315277,5
PREV_APPR_REVOLVING_PRODUCT_COMBINATION_Card Street_MEAN,7.648169994354248,5
PREV_REFU_CASH_AMT_CREDIT_MEAN,739.3944787979126,5
PREV_REFU_CASH_AMT_CREDIT_SUM,888.3512141704559,5
PREV_REFU_CASH_PRODUCT_COMBINATION_Cash X-Sell: low_MEAN,2347.1432225704193,5
PREV_REFU_CASH_PRODUCT_COMBINATION_Cash X-Sell: middle_MEAN,272.3388912677765,5
PREV_REFU_CASH_PRODUCT_COMBINATION_Cash Street: low_MEAN,225.43350267410278,5
PREV_REFU_CASH_CNT_PAYMENT_MEAN,2868.54363656044,5
PREV_REFU_CASH_CNT_PAYMENT_MAX,466.9054136276245,5
PREV_REFU_CASH_RATIO_ANN_TO_APP_MEAN,1039.8312928676605,5
PREV_REFU_CASH_PRODUCT_COMBINATION_Cash Street: middle_MEAN,959.5090808868408,5
PREV_REFU_CASH_PRODUCT_COMBINATION_Cash Street: middle_SUM,10.158599853515625,5
PREV_REFU_CASH_AMT_ANNUITY_MEAN,1895.471702337265,5
PREV_REFU_CASH_AMT_ANNUITY_SUM,1082.5739541053772,5
PREV_REFU_CASH_PRODUCT_COMBINATION_Cash Street: high_MEAN,256.91310143470764,5
PREV_REFU_CASH_PRODUCT_COMBINATION_Cash Street: high_SUM,50.039679765701294,5
PREV_REFU_CASH_PRODUCT_COMBINATION_Cash X-Sell: high_MEAN,145.46697998046875,5
PREV_REFU_CASH_PRODUCT_COMBINATION_Cash X-Sell: high_SUM,0.0,5
PREV_REFU_CASH_AMT_APPLICATION_MEAN,612.9316785335541,5
PREV_REFU_CASH_AMT_APPLICATION_SUM,829.637077331543,5
PREV_REFU_CASH_COUNT,212.57283067703247,5
PREV_REFU_CONSUME_AMT_CREDIT_MEAN,324.80291843414307,5
PREV_REFU_CONSUME_AMT_CREDIT_SUM,461.7771883010864,5
PREV_REFU_CONSUME_NAME_GOODS_CATEGORY_Photo / Cinema Equipment_MEAN,160.27061891555786,5
PREV_REFU_CONSUME_CNT_PAYMENT_MEAN,681.6481108665466,5
PREV_REFU_CONSUME_CNT_PAYMENT_MAX,344.4945993423462,5
PREV_REFU_CONSUME_PRODUCT_COMBINATION_POS household with interest_MEAN,131.4387993812561,5
PREV_REFU_CONSUME_NAME_GOODS_CATEGORY_XNA_MEAN,20.90565013885498,5
PREV_REFU_CONSUME_PRODUCT_COMBINATION_POS mobile with interest_MEAN,209.58054876327515,5
PREV_REFU_CONSUME_NAME_GOODS_CATEGORY_Computers_MEAN,51.6701602935791,5
PREV_REFU_CONSUME_AMT_ANNUITY_MEAN,717.9165527820587,5
PREV_REFU_CONSUME_AMT_ANNUITY_SUM,448.6868169307709,5
PREV_REFU_CONSUME_RATE_DOWN_PAYMENT_MEAN,502.2013940811157,5
PREV_REFU_CONSUME_RATE_DOWN_PAYMENT_MAX,737.2753584384918,5
PREV_REFU_CONSUME_PRODUCT_COMBINATION_POS mobile without interest_MEAN,27.616459846496582,5
PREV_REFU_CONSUME_NAME_GOODS_CATEGORY_Consumer Electronics_MEAN,48.534770011901855,5
PREV_REFU_CONSUME_NAME_GOODS_CATEGORY_Audio/Video_MEAN,59.335039138793945,5
PREV_REFU_CONSUME_PRODUCT_COMBINATION_POS industry with interest_MEAN,42.35341954231262,5
PREV_REFU_CONSUME_RATIO_ANN_TO_APP_MEAN,764.8016908168793,5
PREV_REFU_CONSUME_NAME_GOODS_CATEGORY_Mobile_MEAN,158.28268957138062,5
PREV_REFU_CONSUME_AMT_APPLICATION_MEAN,426.7654504776001,5
PREV_REFU_CONSUME_AMT_APPLICATION_SUM,462.68660736083984,5
PREV_REFU_CONSUME_COUNT,155.58613085746765,5
PREV_REFU_REVOLVING_AMT_CREDIT_MEAN,360.8155674934387,5
PREV_REFU_REVOLVING_AMT_CREDIT_SUM,340.1092965602875,5
PREV_REFU_REVOLVING_PRODUCT_COMBINATION_Card X-Sell_MEAN,91.8093900680542,5
PREV_REFU_REVOLVING_PRODUCT_COMBINATION_Card Street_MEAN,23.10919952392578,5
PREV_REFU_REVOLVING_AMT_ANNUITY_MEAN,931.8269381523132,5
PREV_REFU_REVOLVING_AMT_ANNUITY_SUM,342.5671606063843,5
PREV_REFU_REVOLVING_RATIO_ANN_TO_APP_MEAN,759.2659382820129,5
PREV_REFU_REVOLVING_COUNT,196.5745096206665,5
PREV_CASH_SCORE,10373.886331319809,5
PREV_CONSUME_SCORE,5017.6090631484985,5
POS_CNT_PREV_ID,2063.1488494873047,5
POS_DPD_RATIO_MAX,420.91593074798584,5
POS_DPD_RATIO_MEAN,727.7262372970581,5
POS_SK_DPD_MAX_MAX,670.9771909713745,5
POS_SK_DPD_MAX_MEAN,7768.8412408828735,5
POS_SK_DPD_DEF_MAX_MAX,441.32979369163513,5
POS_SK_DPD_DEF_MAX_MEAN,2721.002626657486,5
POS_CNT_COMPLETED,508.4119710922241,5
POS_CNT_ACTIVED,719.2578785419464,5
POS_FLAG_UNCOMPLETED,534.4954137802124,5
POS_COUNT,3313.253506422043,5
POS_SCORE,2835.8007283210754,5
INSTAL_DBD_MAX,3812.5583560466766,5
INSTAL_DBD_MEAN,4182.107898235321,5
INSTAL_DBD_SUM,3273.860016822815,5
INSTAL_AMT_INSTALMENT_MAX,3449.4988453388214,5
INSTAL_AMT_INSTALMENT_MEAN,2043.5270867347717,5
INSTAL_AMT_INSTALMENT_SUM,2237.9075713157654,5
INSTAL_AMT_PAYMENT_MIN,3101.315752506256,5
INSTAL_AMT_PAYMENT_MAX,3769.951664686203,5
INSTAL_AMT_PAYMENT_MEAN,2091.467277765274,5
INSTAL_AMT_PAYMENT_SUM,3883.950115919113,5
INSTAL_PAYMENT_PERC_MEAN,4278.857447147369,5
INSTAL_DPD_MAX,1160.89240193367,5
INSTAL_DPD_MEAN,4858.595867872238,5
INSTAL_DPD_SUM,748.7810242176056,5
INSTAL_NUM_INSTALMENT_VERSION_NUNIQUE,1558.8669438362122,5
INSTAL_COUNT,3067.7112674713135,5
INSTAL_DPD_DBD_RATIO,4241.220374107361,5
INSTAL_DPD_DBD_DIFF,4137.027403116226,5
INSTAL_SCORE,4071.2138516902924,5
CC_RAW_AMT_TOTAL_RECEIVABLE_MAX,664.8719172477722,5
CC_RAW_AMT_TOTAL_RECEIVABLE_MEAN,1033.0453271865845,5
CC_RAW_AMT_BALANCE_MAX,1053.5875940322876,5
CC_RAW_AMT_BALANCE_MEAN,2176.8614954948425,5
CC_RAW_AMT_INST_MIN_REGULARITY_MAX,472.9942784309387,5
CC_RAW_AMT_PAYMENT_TOTAL_CURRENT_MAX,1315.8140470981598,5
CC_RAW_AMT_PAYMENT_TOTAL_CURRENT_MEAN,524.8468990325928,5
CC_RAW_AMT_DRAWINGS_CURRENT_MAX,518.6605687141418,5
CC_RAW_AMT_DRAWINGS_CURRENT_MEAN,4459.3766078948975,5
CC_RAW_AMT_DRAWINGS_CURRENT_SUM,910.0432107448578,5
CC_RAW_AMT_PAYMENT_MAX_MEAN,1345.1428878307343,5
CC_RAW_AMT_PAYMENT_CURRENT_MEAN,68.5750994682312,5
CC_RM_UNUSE_AMT_TOTAL_RECEIVABLE_MEAN,857.2608647346497,5
CC_RM_UNUSE_AMT_BALANCE_MEAN,176.16591143608093,5
CC_RM_UNUSE_AMT_INST_MIN_REGULARITY_MEAN,461.4070234298706,5
CC_RM_UNUSE_AMT_PAYMENT_CURRENT_SUM,2831.950159072876,5
CC_EXCEED_AMT_DRAWINGS_CURRENT_MAX,498.89042139053345,5
CC_EXCEED_AMT_BALANCE_MEAN,1853.1662900447845,5
CC_EXCEED_AMT_PAYMENT_CURRENT_SUM,1162.4435408115387,5
CC_COUNT,1659.2861783504486,5
CC_SCORE,4423.254626750946,5
MIX_CC_BAL_MEAN_TO_INCOME,2129.252564430237,5
MIX_CC_BAL_MAX_TO_INCOME,983.5792860984802,5
MIX_CC_TOTAL_RECEIVABLE_MEAN_TO_INCOME,1396.8448090553284,5
